CREATE DATABASE  IF NOT EXISTS `airlinereservationsystem` /*!40100 DEFAULT CHARACTER SET latin1 */;
USE `airlinereservationsystem`;
-- MySQL dump 10.13  Distrib 5.7.17, for macos10.12 (x86_64)
--
-- Host: localhost    Database: airlinereservationsystem
-- ------------------------------------------------------
-- Server version	5.7.19

/*!40101 SET @OLD_CHARACTER_SET_CLIENT=@@CHARACTER_SET_CLIENT */;
/*!40101 SET @OLD_CHARACTER_SET_RESULTS=@@CHARACTER_SET_RESULTS */;
/*!40101 SET @OLD_COLLATION_CONNECTION=@@COLLATION_CONNECTION */;
/*!40101 SET NAMES utf8 */;
/*!40103 SET @OLD_TIME_ZONE=@@TIME_ZONE */;
/*!40103 SET TIME_ZONE='+00:00' */;
/*!40014 SET @OLD_UNIQUE_CHECKS=@@UNIQUE_CHECKS, UNIQUE_CHECKS=0 */;
/*!40014 SET @OLD_FOREIGN_KEY_CHECKS=@@FOREIGN_KEY_CHECKS, FOREIGN_KEY_CHECKS=0 */;
/*!40101 SET @OLD_SQL_MODE=@@SQL_MODE, SQL_MODE='NO_AUTO_VALUE_ON_ZERO' */;
/*!40111 SET @OLD_SQL_NOTES=@@SQL_NOTES, SQL_NOTES=0 */;

--
-- Table structure for table `BookingDetails`
--

DROP TABLE IF EXISTS `BookingDetails`;
/*!40101 SET @saved_cs_client     = @@character_set_client */;
/*!40101 SET character_set_client = utf8 */;
CREATE TABLE `BookingDetails` (
  `Id` mediumint(8) unsigned NOT NULL AUTO_INCREMENT,
  `UserId` mediumint(8) unsigned NOT NULL,
  `ItineraryId` mediumint(8) unsigned NOT NULL,
  `SeatsBooked` smallint(3) unsigned DEFAULT NULL,
  `TicketCost` double unsigned NOT NULL,
  `DateOfBooking` date DEFAULT NULL,
  `BookedSeats` varchar(2500) DEFAULT NULL,
  PRIMARY KEY (`Id`),
  KEY `UserId` (`UserId`),
  KEY `ItineraryId` (`ItineraryId`),
  CONSTRAINT `bookingdetails_ibfk_1` FOREIGN KEY (`UserId`) REFERENCES `Users` (`Id`),
  CONSTRAINT `bookingdetails_ibfk_2` FOREIGN KEY (`ItineraryId`) REFERENCES `itinerarydetails` (`id`)
) ENGINE=InnoDB AUTO_INCREMENT=34 DEFAULT CHARSET=latin1;
/*!40101 SET character_set_client = @saved_cs_client */;

--
-- Dumping data for table `BookingDetails`
--

LOCK TABLES `BookingDetails` WRITE;
/*!40000 ALTER TABLE `BookingDetails` DISABLE KEYS */;
INSERT INTO `BookingDetails` VALUES (26,102,26,1,244,'2018-04-26','1B'),(27,102,26,1,244,'2018-04-26','1C'),(28,101,7,1,160,'2018-04-26','2C'),(29,101,7,1,160,'2018-04-26','3B'),(30,101,47,1,198,'2018-04-26','1A'),(31,101,7,1,160,'2018-04-26','1B'),(32,101,13,1,176,'2018-04-26','2B'),(33,101,7,1,160,'2018-04-26','3C');
/*!40000 ALTER TABLE `BookingDetails` ENABLE KEYS */;
UNLOCK TABLES;

--
-- Table structure for table `CityConfig`
--

DROP TABLE IF EXISTS `CityConfig`;
/*!40101 SET @saved_cs_client     = @@character_set_client */;
/*!40101 SET character_set_client = utf8 */;
CREATE TABLE `CityConfig` (
  `Id` mediumint(8) unsigned NOT NULL AUTO_INCREMENT,
  `Name` varchar(100) DEFAULT NULL,
  `country_Id` mediumint(8) unsigned NOT NULL,
  PRIMARY KEY (`Id`),
  KEY `country_Id` (`country_Id`),
  CONSTRAINT `cityconfig_ibfk_1` FOREIGN KEY (`country_Id`) REFERENCES `CountryConfig` (`Id`) ON DELETE CASCADE ON UPDATE CASCADE
) ENGINE=InnoDB AUTO_INCREMENT=813 DEFAULT CHARSET=latin1;
/*!40101 SET character_set_client = @saved_cs_client */;

--
-- Dumping data for table `CityConfig`
--

LOCK TABLES `CityConfig` WRITE;
/*!40000 ALTER TABLE `CityConfig` DISABLE KEYS */;
INSERT INTO `CityConfig` VALUES (1,'Aguascalientes',1),(2,'Baja California',1),(3,'Campeche',1),(4,'Beijing',2),(5,'Hong Kong',2),(6,'Hefei',2),(7,'Anginj',2),(11,'Aleknagik, WKK',3),(12,'Allentown, ABE',3),(13,'Abilene, ABI',3),(14,'Albuquerque, ABQ',3),(15,'Aberdeen, ABR',3),(16,'Albany, ABY',3),(17,'Nantucket, ACK',3),(18,'Waco, ACT',3),(19,'Arcata/Eureka, ACV',3),(20,'Atlantic City, ACY',3),(21,'Camp Springs, ADW',3),(22,'Alexandria, AEX',3),(23,'Fort Worth, AFW',3),(24,'Pittsburgh, AGC',3),(25,'Athens, AHN',3),(26,'Akron, AKC',3),(27,'Albany, ALB',3),(28,'Alice, ALI',3),(29,'Alamogordo, ALM',3),(30,'Alton/St Louis, ALN',3),(31,'Waterloo, ALO',3),(32,'Alamosa, ALS',3),(33,'Walla Walla, ALW',3),(34,'Amarillo, AMA',3),(35,'Anniston, ANB',3),(36,'Anderson, AND',3),(37,'Altoona, AOO',3),(38,'Denver, APA',3),(39,'Naples, APF',3),(40,'Aberdeen Proving Grounds(Aberdeen), APG',3),(41,'Alpena, APN',3),(42,'New Iberia, ARA',3),(43,'Watertown, ART',3),(44,'Aspen, ASE',3),(45,'Astoria, AST',3),(46,'Atlanta, ATL',3),(47,'Watertown, ATY',3),(48,'Augusta, AUG',3),(49,'Austin, AUS',3),(50,'Wausau, AUW',3),(51,'Asheville, AVL',3),(52,'Wilkes-Barre/Scranton, AVP',3),(53,'Alexandria, AXN',3),(54,'Kalamazoo, AZO',3),(55,'Marysville, BAB',3),(56,'Bossier City, BAD',3),(57,'Westfield/Springfield, BAF',3),(58,'Columbus, CLU',3),(59,'Brady, BBD',3),(60,'Bryce Canyon, BCE',3),(61,'Baudette, BDE',3),(62,'Hartford, BDL',3),(63,'Bridgeport, BDR',3),(64,'Bedford, BED',3),(65,'Bradford, BFD',3),(66,'Scottsbluff, BFF',3),(67,'Seattle, BFI',3),(68,'Bakersfield, BFL',3),(69,'Mobile, BFM',3),(70,'Binghamton, BGM',3),(71,'Bangor, BGR',3),(72,'Bar Harbor, BHB',3),(73,'Birmingham, BHM',3),(74,'Fort Bliss/El Paso, BIF',3),(75,'Bishop, BIH',3),(76,'Billings, BIL',3),(77,'Bismarck, BIS',3),(78,'Biloxi, BIX',3),(79,'Denver, BJC',3),(80,'Bemidji, BJI',3),(81,'Baker City, BKE',3),(82,'Aurora, BFK',3),(83,'Cleveland, BKL',3),(84,'Beckley, BKW',3),(85,'Bluefield, BLF',3),(86,'Blythe, BLH',3),(87,'Bellingham, BLI',3),(88,'Belleville, BLV',3),(89,'Bloomington, BMG',3),(90,'Bloomington/Normal, BMI',3),(91,'Nashville, BNA',3),(92,'Burns, BNO',3),(93,'Boise, BOI',3),(94,'Boston, BOS',3),(95,'Big Piney, BPI',3),(96,'Mountain Home, WMH',3),(97,'Beaumont/Port Arthur, BPT',3),(98,'Brunswick, BQK',3),(99,'Brainerd, BRD',3),(100,'Burlington, BRL',3),(101,'Brownsville, BRO',3),(102,'Battle Creek, BTL',3),(103,'Butte, BTM',3),(104,'Baton Rouge, BTR',3),(105,'Burlington, BTV',3),(106,'Buffalo, BUF',3),(107,'Burbank, BUR',3),(108,'Beaver Falls, BFP',3),(109,'Beverly, BVY',3),(110,'Bowling Green, BWG',3),(111,'Baltimore, BWI',3),(112,'Blytheville, BYH',3),(113,'Burley, BYI',3),(114,'Fort Irwin/Barstow, BYS',3),(115,'Bozeman, BZN',3),(116,'Columbia, CAE',3),(117,'Akron, CAK',3),(118,'Caribou, CAR',3),(119,'Columbus, CBM',3),(120,'Charles City, CCY',3),(121,'Cedar City, CDC',3),(122,'Chadron, CDR',3),(123,'Childress, CDS',3),(124,'Crescent City, CEC',3),(125,'Springfield/Chicopee, CEF',3),(126,'Crestview, CEW',3),(127,'Cleveland, CGF',3),(128,'Cape Girardeau, CGI',3),(129,'Chattanooga, CHA',3),(130,'Charlottesville, CHO',3),(131,'Charleston, CHS',3),(132,'Cedar Rapids, CID',3),(133,'Sault Ste Marie, CIU',3),(134,'Clarksburg, CKB',3),(135,'Cleveland, CLE',3),(136,'College Station, CLL',3),(137,'Port Angeles, CLM',3),(138,'Charlotte, CLT',3),(139,'Columbus, CMH',3),(140,'Champaign/Urbana, CMI',3),(141,'Hancock, CMX',3),(142,'Carlsbad, CNM',3),(143,'Chanute, CNU',3),(144,'Cody, COD',3),(145,'Coeur d\'Alene, COE',3),(146,'Cocoa Beach, COF',3),(147,'Concord, CON',3),(148,'Colorado Springs, COS',3),(149,'Columbia, COU',3),(150,'Casper, CPR',3),(151,'North Myrtle Beach, CRE',3),(152,'Jacksonville, CRG',3),(153,'Corpus Christi, CRP',3),(154,'Carlsbad, CLD',3),(155,'Charleston, CRW',3),(156,'Columbus, CSG',3),(157,'Crossville, CSV',3),(158,'Cut Bank, CTB',3),(159,'Columbia, CUB',3),(160,'Cincinnati, CVG',3),(161,'Corvallis, CVO',3),(162,'Clovis, CVS',3),(163,'Mosinee, CWA',3),(164,'Houston, CXO',3),(165,'Cheyenne, CYS',3),(166,'Fort Belvoir, DAA',3),(167,'Daytona Beach, DAB',3),(168,'Daggett, DAG',3),(169,'Dallas, DAL',3),(170,'Danville, DAN',3),(171,'Dayton, DAY',3),(172,'Dubuque, DBQ',3),(173,'Washington, DCA',3),(174,'Dodge City, DDC',3),(175,'Decatur, DEC',3),(176,'Denver, DEN',3),(177,'Detroit, DET',3),(178,'Dallas-Fort Worth, DFW',3),(179,'Dothan, DHN',3),(180,'Dalhart, DHT',3),(181,'Dickinson, DIK',3),(182,'Del Rio, DLF',3),(183,'Duluth, DLH',3),(184,'The Dalles, DLS',3),(185,'Tucson, DMA',3),(186,'Deming, DMN',3),(187,'Augusta, DNL',3),(188,'Dover, DOV',3),(189,'Chicago/West Chicago, DPA',3),(190,'Mercury, DRA',3),(191,'De Ridder, DRI',3),(192,'Del Rio, DRT',3),(193,'Des Moines, DSM',3),(194,'Detroit, DTW',3),(195,'Douglas Bisbee, DUG',3),(196,'Dubois, DUJ',3),(197,'Abilene, DYS',3),(198,'Wenatchee, EAT',3),(199,'Eau Claire, EAU',3),(200,'Elizabeth City, ECG',3),(201,'Panama City Beach, ECP',3),(202,'Edwards, EDW',3),(203,'Needles, EED',3),(204,'Keene, EEN',3),(205,'Houston, EFD',3),(206,'Eagle, EGE',3),(207,'Crestview, EGI',3),(208,'Eureka, EKA',3),(209,'Elkins, EKN',3),(210,'Elko, EKO',3),(211,'El Dorado, ELD',3),(212,'Elmira/Corning, ELM',3),(213,'Ely, LYU',3),(214,'El Paso, ELP',3),(215,'Ely, ELY',3),(216,'Enid, END',3),(217,'Wendover, ENV',3),(218,'Kenosha, ENW',3),(219,'Erie, ERI',3),(220,'Alexandria, ESF',3),(221,'Eugene, EUG',3),(222,'Evansville, EVV',3),(223,'Evanston, EVW',3),(224,'New Bedford, EWB',3),(225,'New Bern, EWN',3),(226,'Newark, EWR',3),(227,'Key West, EYW',3),(228,'Fort Eustis, FAF',3),(229,'Fargo, FAR',3),(230,'Fresno, FAT',3),(231,'Fayetteville, FAY',3),(232,'Fort Bragg, FBG',3),(233,'Fort Carson, FCS',3),(234,'Findlay, FDY',3),(235,'Dayton, FFO',3),(236,'Fort Huachuca Sierra Vista, FHU',3),(237,'Franklin, FKL',3),(238,'Flagstaff, FLG',3),(239,'Fort Lauderdale, FLL',3),(240,'Florence, FLO',3),(241,'Fort Meade(Odenton), FME',3),(242,'Farmington, FMN',3),(243,'Fort Myers, FMY',3),(244,'Flint, FNT',3),(245,'Fort Dodge, FOD',3),(246,'Topeka, FOE',3),(247,'Fort Pierce, FPR',3),(248,'Farmingdale, FRG',3),(249,'Fort Riley(Junction City), FRI',3),(250,'Sioux Falls, FSD',3),(251,'Fort Sill, FSI',3),(252,'Fort Smith, FSM',3),(253,'Fort Stockton, FST',3),(254,'Fort Knox, FTK',3),(255,'Fort Worth, FTW',3),(256,'Atlanta, FTY',3),(257,'Fort Wayne, FWA',3),(258,'Fort Lauderdale, FXE',3),(259,'Fayetteville, FYV',3),(260,'Gillette, GCC',3),(261,'Garden City, GCK',3),(262,'Grand Canyon, GCN',3),(263,'Glendive, GDV',3),(264,'Spokane, GEG',3),(265,'Grand Forks, GFK',3),(266,'Glens Falls, GFL',3),(267,'Longview, GGG',3),(268,'Glasgow, GGW',3),(269,'Grand Junction, GJT',3),(270,'Goodland, GLD',3),(271,'Greenville, GLH',3),(272,'Galveston, GLS',3),(273,'Greenville, GMU',3),(274,'Gainesville, GNV',3),(275,'Groton (New London), GON',3),(276,'Kalispell, FCA',3),(277,'Gulfport, GPT',3),(278,'Green Bay, GRB',3),(279,'Fort Lewis/Tacoma, GRF',3),(280,'Grand Island, GRI',3),(281,'Fort Hood/Killeen, GRK',3),(282,'Grand Rapids, GRR',3),(283,'Goldsboro, GSB',3),(284,'Greensboro, GSO',3),(285,'Greenville, GSP',3),(286,'Great Falls, GTF',3),(287,'Columbus/W Point/Starkville, GTR',3),(288,'Gallup, GUP',3),(289,'Peru, GUS',3),(290,'Guymon, GUY',3),(291,'Greenwood, GWO',3),(292,'Gary, GYY',3),(293,'Hattiesburg, HBG',3),(294,'Hobart, HBR',3),(295,'Hartford, HFD',3),(296,'Hagerstown, HGR',3),(297,'Hawthorne, HHR',3),(298,'Hibbing, HIB',3),(299,'Ogden, HIF',3),(300,'Portland, HIO',3),(301,'Hickory, HKY',3),(302,'Wheeling, HLG',3),(303,'Helena, HLN',3),(304,'Fort Hood(Killeen), HLR',3),(305,'Alamogordo, HMN',3),(306,'Hobbs, HOB',3),(307,'Huron, HON',3),(308,'Fort Campbell/Hopkinsville, HOP',3),(309,'Hot Springs, HOT',3),(310,'Houston, HOU',3),(311,'White Plains, HPN',3),(312,'Hoquiam, HQM',3),(313,'Harlingen, HRL',3),(314,'Harrison, HRO',3),(315,'Homestead, HST',3),(316,'Huntsville, HSV',3),(317,'Huntington, HTS',3),(318,'Redstone Arsnl Huntsville, HUA',3),(319,'Terre Haute, HUF',3),(320,'Houlton, HUL',3),(321,'Hutchinson, HUT',3),(322,'New Haven, HVN',3),(323,'Havre, HVR',3),(324,'Hyannis, HYA',3),(325,'Hayward, HYR',3),(326,'Hays, HYS',3),(327,'Wichita, IAB',3),(328,'Washington, IAD',3),(329,'Niagara Falls, IAG',3),(330,'Houston, IAH',3),(331,'Wichita, ICT',3),(332,'Idaho Falls, IDA',3),(333,'Kankakee, IKK',3),(334,'Wilmington, ILG',3),(335,'Wilmington, ILM',3),(336,'Wilmington, ILN',3),(337,'Indianapolis, IND',3),(338,'Wink, INK',3),(339,'International Falls, INL',3),(340,'Winston Salem, INT',3),(341,'Winslow, INW',3),(342,'Imperial, IPL',3),(343,'Williamsport, IPT',3),(344,'Kirksville, IRK',3),(345,'Orlando, ISM',3),(346,'Williston, ISN',3),(347,'Kinston, ISO',3),(348,'Islip, ISP',3),(349,'Ithaca, ITH',3),(350,'Phoenix, AZA',3),(351,'Jackson, JAC',3),(352,'Jackson, JAN',3),(353,'Jacksonville, JAX',3),(354,'Jonesboro, JBR',3),(355,'Junction, JCT',3),(356,'New York, JFK',3),(357,'Jamestown, JHW',3),(358,'Joplin, JLN',3),(359,'Jamestown, JMS',3),(360,'Johnstown, JST',3),(361,'Jackson, JXN',3),(362,'Kelso, KLS',3),(363,'Lafayette, LAF',3),(364,'Lakeland, LAL',3),(365,'Lansing, LAN',3),(366,'Laramie, LAR',3),(367,'Las Vegas, LAS',3),(368,'Lawton, LAW',3),(369,'Los Angeles, LAX',3),(370,'Lubbock, LBB',3),(371,'Latrobe, LBE',3),(372,'North Platte, LBF',3),(373,'Liberal, LBL',3),(374,'Lumberton, LBT',3),(375,'Angleton/Lake Jackson, LJN',3),(376,'Lake Charles, LCH',3),(377,'Columbus, LCK',3),(378,'Lebanon, LEB',3),(379,'Leesburg, LEE',3),(380,'Lexington, LEX',3),(381,'Hampton, LFI',3),(382,'Lufkin, LFK',3),(383,'Lafayette, LFT',3),(384,'New York, LGA',3),(385,'Long Beach, LGB',3),(386,'Logan, LGU',3),(387,'Little Rock, LIT',3),(388,'Klamath Falls, LMT',3),(389,'Lander, LND',3),(390,'Lincoln, LNK',3),(391,'Lancaster, LNS',3),(392,'Lovelock, LOL',3),(393,'Louisville, LOU',3),(394,'London, LOZ',3),(395,'Laredo, LRD',3),(396,'Jacksonville, LRF',3),(397,'Las Cruces, LRU',3),(398,'La Crosse, LSE',3),(399,'Fort Benning(Columbus), LSF',3),(400,'Las Vegas, LSV',3),(401,'Altus, LTS',3),(402,'Glendale, LUF',3),(403,'Cincinnati, LUK',3),(404,'Livingston, LVM',3),(405,'Las Vegas, LVS',3),(406,'Lewisburg, LWB',3),(407,'Lawrence, LWM',3),(408,'Lewiston, LWS',3),(409,'Lewistown, LWT',3),(410,'Lynchburg, LYH',3),(411,'Midland, MAF',3),(412,'Mobridge, MBG',3),(413,'Saginaw, MBS',3),(414,'Mc Comb, MCB',3),(415,'Sacramento, MCC',3),(416,'Merced, MCE',3),(417,'Tampa, MCF',3),(418,'Kansas City, MCI',3),(419,'Mc Cook, MCK',3),(420,'Macon, MCN',3),(421,'Orlando, MCO',3),(422,'Mason City, MCW',3),(423,'Carbondale/Murphysboro, MDH',3),(424,'Harrisburg, MDT',3),(425,'Chicago, MDW',3),(426,'Meridian, MEI',3),(427,'Memphis, MEM',3),(428,'Merced, MER',3),(429,'Mansfield, MFD',3),(430,'Mc Allen, MFE',3),(431,'Medford, MFR',3),(432,'Marietta, MGE',3),(433,'Montgomery, MGM',3),(434,'Morgantown, MGW',3),(435,'Manhattan, MHK',3),(436,'Sacramento, MHR',3),(437,'Manchester, MHT',3),(438,'Miami, MIA',3),(439,'Muncie, MIE',3),(440,'Kansas City, MKC',3),(441,'Milwaukee, MKE',3),(442,'Jackson, MKL',3),(443,'Melbourne, MLB',3),(444,'Moline, MLI',3),(445,'Miles City, MLS',3),(446,'Monroe, MLU',3),(447,'Eastover, MMT',3),(448,'Morristown, MMU',3),(449,'Mobile, MOB',3),(450,'Modesto, MOD',3),(451,'Minot, MOT',3),(452,'Barre/Montpelier, MPV',3),(453,'Smyrna, MQY',3),(454,'Martinsburg, MRB',3),(455,'Monterey, MRY',3),(456,'Muscle Shoals, MSL',3),(457,'Madison, MSN',3),(458,'Missoula, MSO',3),(459,'Minneapolis, MSP',3),(460,'Massena, MSS',3),(461,'New Orleans, MSY',3),(462,'Mount Clemens, MTC',3),(463,'Montrose, MTJ',3),(464,'Mountain Home, MUO',3),(465,'Moses Lake, MWH',3),(466,'McCall, MYL',3),(467,'Myrtle Beach, MYR',3),(468,'Marysville, MYV',3),(469,'New Orleans, NBG',3),(470,'Lakehurst, NEL',3),(471,'New Orleans, NEW',3),(472,'Fallon, NFL',3),(473,'Fort Worth, FWH',3),(474,'Brunswick, NHZ',3),(475,'San Diego, NKX',3),(476,'Lemoore, NLC',3),(477,'Pensacola, NPA',3),(478,'Millington, NQA',3),(479,'Kingsville, NQI',3),(480,'Key West, NQX',3),(481,'Mayport, NRB',3),(482,'Milton, NSE',3),(483,'Point Mugu, NTD',3),(484,'Yuma, YUM',3),(485,'San Diego, NZY',3),(486,'Jacksonville, OAJ',3),(487,'Oakland, OAK',3),(488,'Omaha, OFF',3),(489,'Norfolk, OFK',3),(490,'Orangeburg, OGB',3),(491,'Ogden, OGD',3),(492,'Oklahoma City, OKC',3),(493,'Wolf Point, OLF',3),(494,'Olympia, OLM',3),(495,'Omaha, OMA',3),(496,'Ontario, ONT',3),(497,'North Kingstown, NCO',3),(498,'Chicago, ORD',3),(499,'Norfolk, ORF',3),(500,'Worcester, ORH',3),(501,'Oshkosh, OSH',3),(502,'Columbus, OSU',3),(503,'North Bend, OTH',3),(504,'Ottumwa, OTM',3),(505,'Owensboro, OWB',3),(506,'Norwood, OWD',3),(507,'Oxnard, OXR',3),(508,'Fort Rucker/Ozark, OZR',3),(509,'Everett, PAE',3),(510,'Paducah, PAH',3),(511,'Panama City, PAM',3),(512,'Pine Bluff, PBF',3),(513,'Plattsburgh, PBG',3),(514,'West Palm Beach, PBI',3),(515,'Atlanta, PDK',3),(516,'Pendleton, PDT',3),(517,'Portland, PDX',3),(518,'Page, PGA',3),(519,'Greenville, PGV',3),(520,'Newport News, PHF',3),(521,'Philadelphia, PHL',3),(522,'Phoenix, PHX',3),(523,'Peoria, PIA',3),(524,'Hattiesburg/Laurel, PIB',3),(525,'St Petersburg-Clearwater, PIE',3),(526,'Pocatello, PIH',3),(527,'Pierre, PIR',3),(528,'Pittsburgh, PIT',3),(529,'Parkersburg, PKB',3),(530,'Pellston, PLN',3),(531,'Palmdale, PMD',3),(532,'Pinedale, PWY',3),(533,'Ponca City, PNC',3),(534,'Philadelphia, PNE',3),(535,'Pensacola, PNS',3),(536,'Fayetteville, POB',3),(537,'Fort Polk, POE',3),(538,'Poughkeepsie, POU',3),(539,'Presque Isle, PQI',3),(540,'Paso Robles, PRB',3),(541,'Prescott, PRC',3),(542,'Paris, PRX',3),(543,'Pasco, PSC',3),(544,'Portsmouth, PSM',3),(545,'Palm Springs, PSP',3),(546,'Pontiac, PTK',3),(547,'Pullman/Moscow, PUW',3),(548,'Providence, PVD',3),(549,'Provo, PVU',3),(550,'Chicago/Prospect Heights/Wheeling, PWK',3),(551,'Portland, PWM',3),(552,'Bremerton, PWT',3),(553,'Riverside, RAL',3),(554,'Rapid City, RAP',3),(555,'Red Bluff, RBL',3),(556,'Rapid City, RCA',3),(557,'Redding, RDD',3),(558,'Reading, RDG',3),(559,'Redmond, RDM',3),(560,'Grand Forks, RDR',3),(561,'Raleigh/Durham, RDU',3),(562,'Chicago/Rockford, RFD',3),(563,'Rhinelander, RHI',3),(564,'Richmond, RIC',3),(565,'Riverton, RIW',3),(566,'Rock Springs, RKS',3),(567,'Rome, RME',3),(568,'Rome, RMG',3),(569,'Universal City, RND',3),(570,'Reno, RNO',3),(571,'Roanoke, ROA',3),(572,'Rochester, ROC',3),(573,'Roswell, ROW',3),(574,'Russell, RSL',3),(575,'Rochester, RST',3),(576,'Fort Myers, RSW',3),(577,'Rutland, RUT',3),(578,'Tulsa, RVS',3),(579,'Redwood Falls, RWF',3),(580,'Rocky Mount, RWI',3),(581,'Rawlins, RWL',3),(582,'Sacramento, SAC',3),(583,'Santa Fe, SAF',3),(584,'San Diego, SAN',3),(585,'San Antonio, SAT',3),(586,'Savannah, SAV',3),(587,'Marquette, MQT',3),(588,'Santa Barbara, SBA',3),(589,'San Bernardino, SBD',3),(590,'South Bend, SBN',3),(591,'San Luis Obispo, SBP',3),(592,'Salisbury, SBY',3),(593,'Schenectady, SCH',3),(594,'Stockton, SCK',3),(595,'Louisville, SDF',3),(596,'San Diego, SDM',3),(597,'Sidney, SDY',3),(598,'Seattle, SEA',3),(599,'Orlando, SFB',3),(600,'Spokane, SFF',3),(601,'San Francisco, SFO',3),(602,'Springfield, SGF',3),(603,'Springfield, SGH',3),(604,'St Augustine, UST',3),(605,'Houston, SGR',3),(606,'St George, SGU',3),(607,'Sheridan, SHR',3),(608,'Shreveport, SHV',3),(609,'San Jose, SJC',3),(610,'San Angelo, SJT',3),(611,'Spokane, SKA',3),(612,'San Antonio, SKF',3),(613,'Salt Lake City, SLC',3),(614,'Salem, SLE',3),(615,'Saranac Lake, SLK',3),(616,'Salina, SLN',3),(617,'Somerset, SME',3),(618,'Sacramento, SMF',3),(619,'Salmon, SMN',3),(620,'Santa Maria, SMX',3),(621,'Santa Ana, SNA',3),(622,'Salinas, SNS',3),(623,'Sidney, SNY',3),(624,'Springfield, SPI',3),(625,'Wichita Falls, SPS',3),(626,'Sarasota/Bradenton, SRQ',3),(627,'Ruidoso, RUI',3),(628,'Sumter, SSC',3),(629,'San Antonio, SSF',3),(630,'Brunswick, SSI',3),(631,'St Cloud, STC',3),(632,'St Joseph, STJ',3),(633,'St Louis, STL',3),(634,'St Paul, STP',3),(635,'Santa Rosa, STS',3),(636,'Hailey, SUN',3),(637,'St Louis, SUS',3),(638,'Fairfield, SUU',3),(639,'Sioux City, SUX',3),(640,'Savannah, SVN',3),(641,'Newburgh, SWF',3),(642,'Stillwater, SWO',3),(643,'Syracuse, SYR',3),(644,'Knob Noster, SZL',3),(645,'Fort Leonard Wood, TBN',3),(646,'Tucumcari, TCC',3),(647,'Tuscaloosa, TCL',3),(648,'Tacoma, TCM',3),(649,'Truth Or Consequences, TCS',3),(650,'Teterboro, TEB',3),(651,'Oklahoma City, TIK',3),(652,'Tacoma, TIW',3),(653,'Titusville, TIX',3),(654,'Tallahassee, TLH',3),(655,'Miami, TMB',3),(656,'Troy, TOI',3),(657,'Toledo, TOL',3),(658,'Topeka, TOP',3),(659,'Tampa, TPA',3),(660,'Tonopah, TPH',3),(661,'Temple, TPL',3),(662,'Bristol/Johnson/Kingsport, TRI',3),(663,'Truckee, TKF',3),(664,'Palm Springs, TRM',3),(665,'Portland, TTD',3),(666,'Trenton, TTN',3),(667,'Tulsa, TUL',3),(668,'Tupelo, TUP',3),(669,'Tucson, TUS',3),(670,'Traverse City, TVC',3),(671,'South Lake Tahoe, TVL',3),(672,'Twin Falls, TWF',3),(673,'Texarkana, TXK',3),(674,'Tyler, TYR',3),(675,'Knoxville, TYS',3),(676,'Quincy, UIN',3),(677,'Ukiah, UKI',3),(678,'State College, SCE',3),(679,'Oxford, UOX',3),(680,'Huntsville, HTV',3),(681,'Valdosta, VAD',3),(682,'Lompoc, VBG',3),(683,'Victoria, VCT',3),(684,'Vernal, VEL',3),(685,'Las Vegas, VGT',3),(686,'Valdosta, VLD',3),(687,'Van Nuys, VNY',3),(688,'Camp Douglas, VOK',3),(689,'Valparaiso, VPS',3),(690,'Valparaiso, VPZ',3),(691,'Vero Beach, VRB',3),(692,'Valentine, VTN',3),(693,'Lancaster, WJF',3),(694,'Winnemucca, WMC',3),(695,'Warner Robins, WRB',3),(696,'Wrightstown, WRI',3),(697,'Worland, WRL',3),(698,'Wildwood, WWD',3),(699,'Woodward, WWR',3),(700,'West Yellowstone, WYS',3),(701,'Fayetteville/Springdale/Rogers, XNA',3),(702,'Detroit, YIP',3),(703,'Yakima, YKM',3),(704,'Yankton, YKN',3),(705,'Youngstown/Warren, YNG',3),(706,'Zanesville, ZZV',3),(707,'Palmer, PAQ',3),(708,'Barter Island Lrrs, BTI',3),(709,'Bethel, BET',3),(710,'Delta Junction Ft Greely, BIG',3),(711,'Buckland, BKC',3),(712,'Utqiaƒ°vik, BRW',3),(713,'Bettles, BTT',3),(714,'Cold Bay, CDB',3),(715,'Scammon Bay, SCM',3),(716,'Cordova, CDV',3),(717,'Cape Romanzof, CZF',3),(718,'Deering, DRG',3),(719,'Adak Island, ADK',3),(720,'Dillingham, DLG',3),(721,'Marshall, MLL',3),(722,'Kodiak, ADQ',3),(723,'Unalaska, DUT',3),(724,'Anchorage, EDF',3),(725,'Cape Newenham, EHM',3),(726,'Fairbanks, EIL',3),(727,'Emmonak, EMK',3),(728,'Kenai, ENA',3),(729,'Fairbanks, FAI',3),(730,'Fairbanks/Ft Wainwright, FBK',3),(731,'Ambler, ABL',3),(732,'Galena, GAL',3),(733,'Gulkana, GKN',3),(734,'Gambell, GAM',3),(735,'Gustavus, GST',3),(736,'Holy Cross, HCR',3),(737,'Huslia, HSL',3),(738,'Haines, HNS',3),(739,'Homer, HOM',3),(740,'Hooper Bay, HPB',3),(741,'Egegik, EGX',3),(742,'Kiana, IAN',3),(743,'Iliamna, ILI',3),(744,'Utopia Creek, UTO',3),(745,'Juneau, JNU',3),(746,'King Salmon, AKN',3),(747,'Anaktuvuk Pass, AKP',3),(748,'Ketchikan, KTN',3),(749,'Klawock, KLW',3),(750,'Cape Lisburne, LUR',3),(751,'McGrath, MCG',3),(752,'Anchorage, MRI',3),(753,'Mekoryuk, MYU',3),(754,'Anchorage, ANC',3),(755,'Aniak, ANI',3),(756,'Nenana, ENN',3),(757,'Annette, ANN',3),(758,'Anvik, ANV',3),(759,'Nome, OME',3),(760,'Northway, ORT',3),(761,'Kotzebue, OTZ',3),(762,'St George, STG',3),(763,'Port Clarence, KPC',3),(764,'Petersburg, PSG',3),(765,'Port Heiden, PTH',3),(766,'Platinum, PTU',3),(767,'Nuiqsut, NUI',3),(768,'Arctic Village, ARC',3),(769,'Ruby, RBY',3),(770,'Savoonga, SVA',3),(771,'Deadhorse, SCC',3),(772,'Sand Point, SDP',3),(773,'Shishmaref, SHH',3),(774,'Sitka, SIT',3),(775,'Selawik, WLK',3),(776,'St Mary\'s, KSM',3),(777,'St Paul Island, SNP',3),(778,'Sparrevohn, SVW',3),(779,'Soldotna, SXQ',3),(780,'Shemya, SYA',3),(781,'Togiak Village, TOG',3),(782,'Talkeetna, TKA',3),(783,'Takotna, TLJ',3),(784,'Atqasuk, ATK',3),(785,'Valdez, VDZ',3),(786,'Kivalina, KVL',3),(787,'Seward, SWD',3),(788,'Wrangell, WRG',3),(789,'Wainwright, AIN',3),(790,'Noatak, WTK',3),(791,'Wasilla, WWA',3),(792,'Yakutat, YAK',3),(793,'Fort Yukon, FYU',3),(794,'Kekaha, BKH',3),(795,'Mokuleia, HDH',3),(796,'Wahiawa, HHI',3),(797,'Hana, HNM',3),(798,'Lahaina, JHM',3),(799,'Kapolei, JRF',3),(800,'Kailua/Kona, KOA',3),(801,'Lihue, LIH',3),(802,'Kaunakakai, MKK',3),(803,'Kamuela, MUE',3),(804,'Kaneohe, NGF',3),(805,'Honolulu, HNL',3),(806,'Lanai City, LNY',3),(807,'Kahului, OGG',3),(808,'Camp Pohakuloa, BSF',3),(809,'Hilo, ITO',3),(810,'Hawi, UPP',3),(811,'Point Lay, PIZ',3),(812,'Augusta, AGS',3);
/*!40000 ALTER TABLE `CityConfig` ENABLE KEYS */;
UNLOCK TABLES;

--
-- Table structure for table `CountryConfig`
--

DROP TABLE IF EXISTS `CountryConfig`;
/*!40101 SET @saved_cs_client     = @@character_set_client */;
/*!40101 SET character_set_client = utf8 */;
CREATE TABLE `CountryConfig` (
  `Id` mediumint(8) unsigned NOT NULL AUTO_INCREMENT,
  `Name` varchar(100) DEFAULT NULL,
  PRIMARY KEY (`Id`)
) ENGINE=InnoDB AUTO_INCREMENT=4 DEFAULT CHARSET=latin1;
/*!40101 SET character_set_client = @saved_cs_client */;

--
-- Dumping data for table `CountryConfig`
--

LOCK TABLES `CountryConfig` WRITE;
/*!40000 ALTER TABLE `CountryConfig` DISABLE KEYS */;
INSERT INTO `CountryConfig` VALUES (1,'Mexico'),(2,'China'),(3,'United States');
/*!40000 ALTER TABLE `CountryConfig` ENABLE KEYS */;
UNLOCK TABLES;

--
-- Table structure for table `FlightConfig`
--

DROP TABLE IF EXISTS `FlightConfig`;
/*!40101 SET @saved_cs_client     = @@character_set_client */;
/*!40101 SET character_set_client = utf8 */;
CREATE TABLE `FlightConfig` (
  `Id` mediumint(8) unsigned NOT NULL AUTO_INCREMENT,
  `Name` varchar(255) DEFAULT NULL,
  `TotalSeats` mediumint(9) DEFAULT NULL,
  `FlightType` varchar(255) DEFAULT NULL,
  `URL` varchar(25000) DEFAULT NULL,
  `seats` varchar(25000) DEFAULT NULL,
  PRIMARY KEY (`Id`)
) ENGINE=InnoDB AUTO_INCREMENT=6 DEFAULT CHARSET=latin1;
/*!40101 SET character_set_client = @saved_cs_client */;

--
-- Dumping data for table `FlightConfig`
--

LOCK TABLES `FlightConfig` WRITE;
/*!40000 ALTER TABLE `FlightConfig` DISABLE KEYS */;
INSERT INTO `FlightConfig` VALUES (1,'Delta Air Lines',120,' Airbus A340 ','https://www.gstatic.com/flights/airline_logos/70px/DL.png','0,0,0,0,0,0,0,0,0,0,0,0,0,0,0,0,0,0,0,0,0,0,0,0,0,0,0,0,0,0,0,0,0,0,0,0,0,0,0,0,0,0,0,0,0,0,0,0,0,0,0,0,0,0,0,0,0,0,0,0,0,0,0,0,0,0,0,0,0,0,0,0,0,0,0,0,0,0,0,0,0,0,0,0,0,0,0,0,0,0,0,0,0,0,0,0,0,0,0,0,0,0,0,0,0,0,0,0,0,0,0,0,0,0,0,0,0,0,0,0'),(2,'American Airlines',85,' Boeing 707 ','https://lh4.googleusercontent.com/-HawOqAbE6W0/AAAAAAAAAAI/AAAAAAAAYQY/Z8YfFbS0QtM/s0-c-k-no-ns/photo.jpg','0,0,0,0,0,0,0,0,0,0,0,0,0,0,0,0,0,0,0,0,0,0,0,0,0,0,0,0,0,0,0,0,0,0,0,0,0,0,0,0,0,0,0,0,0,0,0,0,0,0,0,0,0,0,0,0,0,0,0,0,0,0,0,0,0,0,0,0,0,0,0,0,0,0,0,0,0,0,0,0,0,0,0,0,0'),(3,'JetBlue Airline',78,' Airbus A340 ','https://www.gstatic.com/flights/airline_logos/70px/B6.png','0,0,0,0,0,0,0,0,0,0,0,0,0,0,0,0,0,0,0,0,0,0,0,0,0,0,0,0,0,0,0,0,0,0,0,0,0,0,0,0,0,0,0,0,0,0,0,0,0,0,0,0,0,0,0,0,0,0,0,0,0,0,0,0,0,0,0,0,0,0,0,0,0,0,0,0,0,0'),(4,'United Airlines',110,'Airbus A330 ','https://www.gstatic.com/flights/airline_logos/70px/UA.png','0,0,0,0,0,0,0,0,0,0,0,0,0,0,0,0,0,0,0,0,0,0,0,0,0,0,0,0,0,0,0,0,0,0,0,0,0,0,0,0,0,0,0,0,0,0,0,0,0,0,0,0,0,0,0,0,0,0,0,0,0,0,0,0,0,0,0,0,0,0,0,0,0,0,0,0,0,0,0,0,0,0,0,0,0,0,0,0,0,0,0,0,0,0,0,0,0,0,0,0,0,0,0,0,0,0,0,0,0,0'),(5,'Southwest Airlines',160,' Comac C919','https://www.gstatic.com/flights/airline_logos/70px/WN.png','0,0,0,0,0,0,0,0,0,0,0,0,0,0,0,0,0,0,0,0,0,0,0,0,0,0,0,0,0,0,0,0,0,0,0,0,0,0,0,0,0,0,0,0,0,0,0,0,0,0,0,0,0,0,0,0,0,0,0,0,0,0,0,0,0,0,0,0,0,0,0,0,0,0,0,0,0,0,0,0,0,0,0,0,0,0,0,0,0,0,0,0,0,0,0,0,0,0,0,0,0,0,0,0,0,0,0,0,0,0,0,0,0,0,0,0,0,0,0,0,0,0,0,0,0,0,0,0,0,0,0,0,0,0,0,0,0,0,0,0,0,0,0,0,0,0,0,0,0,0,0,0,0,0,0,0,0,0,0,0');
/*!40000 ALTER TABLE `FlightConfig` ENABLE KEYS */;
UNLOCK TABLES;

--
-- Table structure for table `ItineraryDetails`
--

DROP TABLE IF EXISTS `ItineraryDetails`;
/*!40101 SET @saved_cs_client     = @@character_set_client */;
/*!40101 SET character_set_client = utf8 */;
CREATE TABLE `ItineraryDetails` (
  `id` mediumint(8) unsigned NOT NULL AUTO_INCREMENT,
  `FlightId` mediumint(8) unsigned NOT NULL,
  `SourceId` mediumint(8) unsigned NOT NULL,
  `DestinationId` mediumint(8) unsigned NOT NULL,
  `FromTime` decimal(4,2) unsigned NOT NULL,
  `ToTime` decimal(4,2) unsigned NOT NULL,
  `Date` date NOT NULL,
  `Ticketprice` double unsigned NOT NULL,
  `Flightnumber` varchar(100) DEFAULT NULL,
  `Seats` varchar(25000) DEFAULT NULL,
  PRIMARY KEY (`id`),
  KEY `FlightId` (`FlightId`),
  KEY `SourceId` (`SourceId`),
  KEY `DestinationId` (`DestinationId`),
  CONSTRAINT `itinerarydetails_ibfk_1` FOREIGN KEY (`FlightId`) REFERENCES `FlightConfig` (`Id`),
  CONSTRAINT `itinerarydetails_ibfk_2` FOREIGN KEY (`SourceId`) REFERENCES `CityConfig` (`Id`),
  CONSTRAINT `itinerarydetails_ibfk_3` FOREIGN KEY (`DestinationId`) REFERENCES `CityConfig` (`Id`)
) ENGINE=InnoDB AUTO_INCREMENT=113 DEFAULT CHARSET=latin1;
/*!40101 SET character_set_client = @saved_cs_client */;

--
-- Dumping data for table `ItineraryDetails`
--

LOCK TABLES `ItineraryDetails` WRITE;
/*!40000 ALTER TABLE `ItineraryDetails` DISABLE KEYS */;
INSERT INTO `ItineraryDetails` VALUES (1,1,1,1,22.32,10.12,'2012-01-01',11111,'cr','0,0,0,0,0,0,0,0,0,0,0,0,0,0,0,0,0,0'),(2,2,138,384,13.20,16.10,'2018-04-24',156,'AA3456','1,1,1,0,0,0,0,0,1,0,1,0,1,1,0,0,0,0,0,0,0,0,0,0,0,0,0,0,0,0,0,0,0,0,0,0,0,0,0,0,0,0,0,0,0,0,0,0,0,0,0,0,0,0,0,0,0,0,0,0,0,0,0,0,0,0,0,0,0,0,0,0,0,0,0,0,0,0,0,0,0,0,0,0,0'),(3,1,94,356,4.10,10.52,'2018-04-24',156,'DL 3465','0,0,0,0,0,0,0,0,0,0,0,0,0,0,0,0,0,0,0,0,0,0,0,0,0,0,0,0,0,0,0,0,0,0,0,0,0,0,0,0,0,0,0,0,0,0,0,0,0,0,0,0,0,0,0,0,0,0,0,0,0,0,0,0,0,0,0,0,0,0,0,0,0,0,0,0,0,0,0,0,0,0,0,0,0,0,0,0,0,0,0,0,0,0,0,0,0,0,0,0,0,0,0,0,0,0,0,0,0,0,0,0,0,0,0,0,0,0,0,0'),(4,2,79,356,7.22,10.21,'2018-04-26',153,'AA 2064','1,1,0,0,0,0,0,0,0,0,0,0,0,0,0,0,0,0,0,0,0,0,0,0,0,0,0,0,0,0,0,0,0,0,0,0,0,0,0,0,0,0,0,0,0,0,0,0,0,0,0,0,0,0,0,0,0,0,0,0,0,0,0,0,0,0,0,0,0,0,0,0,0,0,0,0,0,0,0,0,0,0,0,0,0'),(5,2,94,353,5.26,15.57,'2018-04-27',169,'AA 2680','0,0,0,0,0,0,0,0,0,0,0,0,0,0,0,0,0,0,0,0,0,0,0,0,0,0,0,0,0,0,0,0,0,0,0,0,0,0,0,0,0,0,0,0,0,0,0,0,0,0,0,0,0,0,0,0,0,0,0,0,0,0,0,0,0,0,0,0,0,0,0,0,0,0,0,0,0,0,0,0,0,0,0,0,0'),(6,1,38,356,3.11,7.32,'2018-04-28',177,'DL 5503','0,0,0,0,0,0,0,0,0,0,0,0,0,0,0,0,0,0,0,0,0,0,0,0,0,0,0,0,0,0,0,0,0,0,0,0,0,0,0,0,0,0,0,0,0,0,0,0,0,0,0,0,0,0,0,0,0,0,0,0,0,0,0,0,0,0,0,0,0,0,0,0,0,0,0,0,0,0,0,0,0,0,0,0,0,0,0,0,0,0,0,0,0,0,0,0,0,0,0,0,0,0,0,0,0,0,0,0,0,0,0,0,0,0,0,0,0,0,0,0'),(7,1,138,353,2.59,11.38,'2018-04-26',160,'DL 4674','1,1,0,0,0,0,0,0,1,0,0,0,0,1,1,0,0,0,0,0,0,0,0,0,0,0,0,0,0,0,0,0,0,0,0,0,0,0,0,0,0,0,0,0,0,0,0,0,0,0,0,0,0,0,0,0,0,0,0,0,0,0,0,0,0,0,0,0,0,0,0,0,0,0,0,0,0,0,0,0,0,0,0,0,0,0,0,0,0,0,0,0,0,0,0,0,0,0,0,0,0,0,0,0,0,0,0,0,0,0,0,0,0,0,0,0,0,0,0,0'),(8,2,138,164,2.45,11.13,'2018-05-01',164,'AA 2062','0,0,0,0,0,0,0,0,0,0,0,0,0,0,0,0,0,0,0,0,0,0,0,0,0,0,0,0,0,0,0,0,0,0,0,0,0,0,0,0,0,0,0,0,0,0,0,0,0,0,0,0,0,0,0,0,0,0,0,0,0,0,0,0,0,0,0,0,0,0,0,0,0,0,0,0,0,0,0,0,0,0,0,0,0'),(9,2,138,356,0.31,3.46,'2018-05-02',145,'AA 1690','0,0,0,0,0,0,0,0,0,0,0,0,0,0,0,0,0,0,0,0,0,0,0,0,0,0,0,0,0,0,0,0,0,0,0,0,0,0,0,0,0,0,0,0,0,0,0,0,0,0,0,0,0,0,0,0,0,0,0,0,0,0,0,0,0,0,0,0,0,0,0,0,0,0,0,0,0,0,0,0,0,0,0,0,0'),(10,1,38,164,1.43,13.04,'2018-05-04',169,'DL 4094','0,0,0,0,0,0,0,0,0,0,0,0,0,0,0,0,0,0,0,0,0,0,0,0,0,0,0,0,0,0,0,0,0,0,0,0,0,0,0,0,0,0,0,0,0,0,0,0,0,0,0,0,0,0,0,0,0,0,0,0,0,0,0,0,0,0,0,0,0,0,0,0,0,0,0,0,0,0,0,0,0,0,0,0,0,0,0,0,0,0,0,0,0,0,0,0,0,0,0,0,0,0,0,0,0,0,0,0,0,0,0,0,0,0,0,0,0,0,0,0'),(11,1,38,164,0.15,10.38,'2018-05-05',176,'DL 3459','0,0,0,0,0,0,0,0,0,0,0,0,0,0,0,0,0,0,0,0,0,0,0,0,0,0,0,0,0,0,0,0,0,0,0,0,0,0,0,0,0,0,0,0,0,0,0,0,0,0,0,0,0,0,0,0,0,0,0,0,0,0,0,0,0,0,0,0,0,0,0,0,0,0,0,0,0,0,0,0,0,0,0,0,0,0,0,0,0,0,0,0,0,0,0,0,0,0,0,0,0,0,0,0,0,0,0,0,0,0,0,0,0,0,0,0,0,0,0,0'),(12,2,38,356,2.17,6.05,'2018-05-06',192,'AA 1063','0,0,0,0,0,0,0,0,0,0,0,0,0,0,0,0,0,0,0,0,0,0,0,0,0,0,0,0,0,0,0,0,0,0,0,0,0,0,0,0,0,0,0,0,0,0,0,0,0,0,0,0,0,0,0,0,0,0,0,0,0,0,0,0,0,0,0,0,0,0,0,0,0,0,0,0,0,0,0,0,0,0,0,0,0'),(13,2,138,353,1.15,6.17,'2018-04-26',176,'AA 338','0,0,0,0,0,0,0,1,0,0,0,0,0,0,0,0,0,0,0,0,0,0,0,0,0,0,0,0,0,0,0,0,0,0,0,0,0,0,0,0,0,0,0,0,0,0,0,0,0,0,0,0,0,0,0,0,0,0,0,0,0,0,0,0,0,0,0,0,0,0,0,0,0,0,0,0,0,0,0,0,0,0,0,0,0'),(14,1,38,164,1.01,3.25,'2018-05-09',157,'DL 3459','0,0,0,0,0,0,0,0,0,0,0,0,0,0,0,0,0,0,0,0,0,0,0,0,0,0,0,0,0,0,0,0,0,0,0,0,0,0,0,0,0,0,0,0,0,0,0,0,0,0,0,0,0,0,0,0,0,0,0,0,0,0,0,0,0,0,0,0,0,0,0,0,0,0,0,0,0,0,0,0,0,0,0,0,0,0,0,0,0,0,0,0,0,0,0,0,0,0,0,0,0,0,0,0,0,0,0,0,0,0,0,0,0,0,0,0,0,0,0,0'),(15,1,38,356,6.38,16.52,'2018-05-10',157,'DL 5497','0,0,0,0,0,0,0,0,0,0,0,0,0,0,0,0,0,0,0,0,0,0,0,0,0,0,0,0,0,0,0,0,0,0,0,0,0,0,0,0,0,0,0,0,0,0,0,0,0,0,0,0,0,0,0,0,0,0,0,0,0,0,0,0,0,0,0,0,0,0,0,0,0,0,0,0,0,0,0,0,0,0,0,0,0,0,0,0,0,0,0,0,0,0,0,0,0,0,0,0,0,0,0,0,0,0,0,0,0,0,0,0,0,0,0,0,0,0,0,0'),(16,2,38,353,0.36,9.49,'2018-05-12',148,'AA 1608','0,0,0,0,0,0,0,0,0,0,0,0,0,0,0,0,0,0,0,0,0,0,0,0,0,0,0,0,0,0,0,0,0,0,0,0,0,0,0,0,0,0,0,0,0,0,0,0,0,0,0,0,0,0,0,0,0,0,0,0,0,0,0,0,0,0,0,0,0,0,0,0,0,0,0,0,0,0,0,0,0,0,0,0,0'),(17,2,79,353,3.54,14.21,'2018-05-14',172,'AA 2062','0,0,0,0,0,0,0,0,0,0,0,0,0,0,0,0,0,0,0,0,0,0,0,0,0,0,0,0,0,0,0,0,0,0,0,0,0,0,0,0,0,0,0,0,0,0,0,0,0,0,0,0,0,0,0,0,0,0,0,0,0,0,0,0,0,0,0,0,0,0,0,0,0,0,0,0,0,0,0,0,0,0,0,0,0'),(18,2,94,164,6.25,16.44,'2018-05-15',184,'AA 2066','0,0,0,0,0,0,0,0,0,0,0,0,0,0,0,0,0,0,0,0,0,0,0,0,0,0,0,0,0,0,0,0,0,0,0,0,0,0,0,0,0,0,0,0,0,0,0,0,0,0,0,0,0,0,0,0,0,0,0,0,0,0,0,0,0,0,0,0,0,0,0,0,0,0,0,0,0,0,0,0,0,0,0,0,0'),(19,1,138,164,2.43,13.54,'2018-05-17',191,'DL 3459','0,0,0,0,0,0,0,0,0,0,0,0,0,0,0,0,0,0,0,0,0,0,0,0,0,0,0,0,0,0,0,0,0,0,0,0,0,0,0,0,0,0,0,0,0,0,0,0,0,0,0,0,0,0,0,0,0,0,0,0,0,0,0,0,0,0,0,0,0,0,0,0,0,0,0,0,0,0,0,0,0,0,0,0,0,0,0,0,0,0,0,0,0,0,0,0,0,0,0,0,0,0,0,0,0,0,0,0,0,0,0,0,0,0,0,0,0,0,0,0'),(20,2,38,356,1.36,5.42,'2018-05-18',196,'AA 1489','0,0,0,0,0,0,0,0,0,0,0,0,0,0,0,0,0,0,0,0,0,0,0,0,0,0,0,0,0,0,0,0,0,0,0,0,0,0,0,0,0,0,0,0,0,0,0,0,0,0,0,0,0,0,0,0,0,0,0,0,0,0,0,0,0,0,0,0,0,0,0,0,0,0,0,0,0,0,0,0,0,0,0,0,0'),(21,2,38,356,3.21,7.44,'2018-05-20',211,'AA 1708','0,0,0,0,0,0,0,0,0,0,0,0,0,0,0,0,0,0,0,0,0,0,0,0,0,0,0,0,0,0,0,0,0,0,0,0,0,0,0,0,0,0,0,0,0,0,0,0,0,0,0,0,0,0,0,0,0,0,0,0,0,0,0,0,0,0,0,0,0,0,0,0,0,0,0,0,0,0,0,0,0,0,0,0,0'),(22,2,94,356,0.56,8.57,'2018-05-21',227,'AA 1708','0,0,0,0,0,0,0,0,0,0,0,0,0,0,0,0,0,0,0,0,0,0,0,0,0,0,0,0,0,0,0,0,0,0,0,0,0,0,0,0,0,0,0,0,0,0,0,0,0,0,0,0,0,0,0,0,0,0,0,0,0,0,0,0,0,0,0,0,0,0,0,0,0,0,0,0,0,0,0,0,0,0,0,0,0'),(23,2,38,356,1.54,7.18,'2018-05-22',239,'AA 1489','0,0,0,0,0,0,0,0,0,0,0,0,0,0,0,0,0,0,0,0,0,0,0,0,0,0,0,0,0,0,0,0,0,0,0,0,0,0,0,0,0,0,0,0,0,0,0,0,0,0,0,0,0,0,0,0,0,0,0,0,0,0,0,0,0,0,0,0,0,0,0,0,0,0,0,0,0,0,0,0,0,0,0,0,0'),(24,1,138,356,5.30,11.24,'2018-05-23',253,'DL 5497','0,0,0,0,0,0,0,0,0,0,0,0,0,0,0,0,0,0,0,0,0,0,0,0,0,0,0,0,0,0,0,0,0,0,0,0,0,0,0,0,0,0,0,0,0,0,0,0,0,0,0,0,0,0,0,0,0,0,0,0,0,0,0,0,0,0,0,0,0,0,0,0,0,0,0,0,0,0,0,0,0,0,0,0,0,0,0,0,0,0,0,0,0,0,0,0,0,0,0,0,0,0,0,0,0,0,0,0,0,0,0,0,0,0,0,0,0,0,0,0'),(25,2,38,356,2.33,4.07,'2018-05-25',242,'AA 2060','0,0,0,0,0,0,0,0,0,0,0,0,0,0,0,0,0,0,0,0,0,0,0,0,0,0,0,0,0,0,0,0,0,0,0,0,0,0,0,0,0,0,0,0,0,0,0,0,0,0,0,0,0,0,0,0,0,0,0,0,0,0,0,0,0,0,0,0,0,0,0,0,0,0,0,0,0,0,0,0,0,0,0,0,0'),(26,1,138,353,2.06,13.31,'2018-04-26',244,'DL 5092','1,1,1,0,0,0,0,0,0,0,0,0,0,0,0,0,0,0,0,0,0,0,0,0,0,0,0,0,0,0,0,0,0,0,0,0,0,0,0,0,0,0,0,0,0,0,0,0,0,0,0,0,0,0,0,0,0,0,0,0,0,0,0,0,0,0,0,0,0,0,0,0,0,0,0,0,0,0,0,0,0,0,0,0,0,0,0,0,0,0,0,0,0,0,0,0,0,0,0,0,0,0,0,0,0,0,0,0,0,0,0,0,0,0,0,0,0,0,0,0'),(27,2,38,164,1.51,6.12,'2018-05-29',251,'AA 1690','0,0,0,0,0,0,0,0,0,0,0,0,0,0,0,0,0,0,0,0,0,0,0,0,0,0,0,0,0,0,0,0,0,0,0,0,0,0,0,0,0,0,0,0,0,0,0,0,0,0,0,0,0,0,0,0,0,0,0,0,0,0,0,0,0,0,0,0,0,0,0,0,0,0,0,0,0,0,0,0,0,0,0,0,0'),(28,2,94,353,2.16,4.25,'2018-05-30',253,'AA 2794','0,0,0,0,0,0,0,0,0,0,0,0,0,0,0,0,0,0,0,0,0,0,0,0,0,0,0,0,0,0,0,0,0,0,0,0,0,0,0,0,0,0,0,0,0,0,0,0,0,0,0,0,0,0,0,0,0,0,0,0,0,0,0,0,0,0,0,0,0,0,0,0,0,0,0,0,0,0,0,0,0,0,0,0,0'),(29,1,94,164,1.33,2.00,'2018-05-31',236,'DL 4674','0,0,0,0,0,0,0,0,0,0,0,0,0,0,0,0,0,0,0,0,0,0,0,0,0,0,0,0,0,0,0,0,0,0,0,0,0,0,0,0,0,0,0,0,0,0,0,0,0,0,0,0,0,0,0,0,0,0,0,0,0,0,0,0,0,0,0,0,0,0,0,0,0,0,0,0,0,0,0,0,0,0,0,0,0,0,0,0,0,0,0,0,0,0,0,0,0,0,0,0,0,0,0,0,0,0,0,0,0,0,0,0,0,0,0,0,0,0,0,0'),(30,2,138,164,7.41,16.48,'2018-06-01',231,'AA 2060','0,0,0,0,0,0,0,0,0,0,0,0,0,0,0,0,0,0,0,0,0,0,0,0,0,0,0,0,0,0,0,0,0,0,0,0,0,0,0,0,0,0,0,0,0,0,0,0,0,0,0,0,0,0,0,0,0,0,0,0,0,0,0,0,0,0,0,0,0,0,0,0,0,0,0,0,0,0,0,0,0,0,0,0,0'),(31,4,94,164,0.52,9.09,'2018-06-03',209,'UA 3436','0,0,0,0,0,0,0,0,0,0,0,0,0,0,0,0,0,0,0,0,0,0,0,0,0,0,0,0,0,0,0,0,0,0,0,0,0,0,0,0,0,0,0,0,0,0,0,0,0,0,0,0,0,0,0,0,0,0,0,0,0,0,0,0,0,0,0,0,0,0,0,0,0,0,0,0,0,0,0,0,0,0,0,0,0,0,0,0,0,0,0,0,0,0,0,0,0,0,0,0,0,0,0,0,0,0,0,0,0,0'),(32,4,38,356,7.22,14.55,'2018-06-04',209,'UA 3651','0,0,0,0,0,0,0,0,0,0,0,0,0,0,0,0,0,0,0,0,0,0,0,0,0,0,0,0,0,0,0,0,0,0,0,0,0,0,0,0,0,0,0,0,0,0,0,0,0,0,0,0,0,0,0,0,0,0,0,0,0,0,0,0,0,0,0,0,0,0,0,0,0,0,0,0,0,0,0,0,0,0,0,0,0,0,0,0,0,0,0,0,0,0,0,0,0,0,0,0,0,0,0,0,0,0,0,0,0,0'),(33,4,138,356,3.24,14.29,'2018-06-05',222,'UA 3651','0,0,0,0,0,0,0,0,0,0,0,0,0,0,0,0,0,0,0,0,0,0,0,0,0,0,0,0,0,0,0,0,0,0,0,0,0,0,0,0,0,0,0,0,0,0,0,0,0,0,0,0,0,0,0,0,0,0,0,0,0,0,0,0,0,0,0,0,0,0,0,0,0,0,0,0,0,0,0,0,0,0,0,0,0,0,0,0,0,0,0,0,0,0,0,0,0,0,0,0,0,0,0,0,0,0,0,0,0,0'),(34,2,38,353,2.24,12.30,'2018-06-06',200,'AA 338','0,0,0,0,0,0,0,0,0,0,0,0,0,0,0,0,0,0,0,0,0,0,0,0,0,0,0,0,0,0,0,0,0,0,0,0,0,0,0,0,0,0,0,0,0,0,0,0,0,0,0,0,0,0,0,0,0,0,0,0,0,0,0,0,0,0,0,0,0,0,0,0,0,0,0,0,0,0,0,0,0,0,0,0,0'),(35,2,138,356,7.28,9.46,'2018-06-07',180,'AA 1489','0,0,0,0,0,0,0,0,0,0,0,0,0,0,0,0,0,0,0,0,0,0,0,0,0,0,0,0,0,0,0,0,0,0,0,0,0,0,0,0,0,0,0,0,0,0,0,0,0,0,0,0,0,0,0,0,0,0,0,0,0,0,0,0,0,0,0,0,0,0,0,0,0,0,0,0,0,0,0,0,0,0,0,0,0'),(36,2,38,353,6.44,16.13,'2018-06-08',201,'AA 1690','0,0,0,0,0,0,0,0,0,0,0,0,0,0,0,0,0,0,0,0,0,0,0,0,0,0,0,0,0,0,0,0,0,0,0,0,0,0,0,0,0,0,0,0,0,0,0,0,0,0,0,0,0,0,0,0,0,0,0,0,0,0,0,0,0,0,0,0,0,0,0,0,0,0,0,0,0,0,0,0,0,0,0,0,0'),(37,2,138,164,4.58,5.59,'2018-06-10',211,'AA 1489','0,0,0,0,0,0,0,0,0,0,0,0,0,0,0,0,0,0,0,0,0,0,0,0,0,0,0,0,0,0,0,0,0,0,0,0,0,0,0,0,0,0,0,0,0,0,0,0,0,0,0,0,0,0,0,0,0,0,0,0,0,0,0,0,0,0,0,0,0,0,0,0,0,0,0,0,0,0,0,0,0,0,0,0,0'),(38,2,94,164,1.16,3.51,'2018-06-12',197,'AA 1608','0,0,0,0,0,0,0,0,0,0,0,0,0,0,0,0,0,0,0,0,0,0,0,0,0,0,0,0,0,0,0,0,0,0,0,0,0,0,0,0,0,0,0,0,0,0,0,0,0,0,0,0,0,0,0,0,0,0,0,0,0,0,0,0,0,0,0,0,0,0,0,0,0,0,0,0,0,0,0,0,0,0,0,0,0'),(39,2,138,356,1.16,4.35,'2018-06-14',180,'AA 338','0,0,0,0,0,0,0,0,0,0,0,0,0,0,0,0,0,0,0,0,0,0,0,0,0,0,0,0,0,0,0,0,0,0,0,0,0,0,0,0,0,0,0,0,0,0,0,0,0,0,0,0,0,0,0,0,0,0,0,0,0,0,0,0,0,0,0,0,0,0,0,0,0,0,0,0,0,0,0,0,0,0,0,0,0'),(40,2,94,353,6.05,9.38,'2018-06-16',196,'AA 1063','0,0,0,0,0,0,0,0,0,0,0,0,0,0,0,0,0,0,0,0,0,0,0,0,0,0,0,0,0,0,0,0,0,0,0,0,0,0,0,0,0,0,0,0,0,0,0,0,0,0,0,0,0,0,0,0,0,0,0,0,0,0,0,0,0,0,0,0,0,0,0,0,0,0,0,0,0,0,0,0,0,0,0,0,0'),(41,1,138,164,3.59,11.31,'2018-06-17',202,'DL 3459','0,0,0,0,0,0,0,0,0,0,0,0,0,0,0,0,0,0,0,0,0,0,0,0,0,0,0,0,0,0,0,0,0,0,0,0,0,0,0,0,0,0,0,0,0,0,0,0,0,0,0,0,0,0,0,0,0,0,0,0,0,0,0,0,0,0,0,0,0,0,0,0,0,0,0,0,0,0,0,0,0,0,0,0,0,0,0,0,0,0,0,0,0,0,0,0,0,0,0,0,0,0,0,0,0,0,0,0,0,0,0,0,0,0,0,0,0,0,0,0'),(42,2,138,164,2.18,5.33,'2018-06-19',202,'AA 2060','0,0,0,0,0,0,0,0,0,0,0,0,0,0,0,0,0,0,0,0,0,0,0,0,0,0,0,0,0,0,0,0,0,0,0,0,0,0,0,0,0,0,0,0,0,0,0,0,0,0,0,0,0,0,0,0,0,0,0,0,0,0,0,0,0,0,0,0,0,0,0,0,0,0,0,0,0,0,0,0,0,0,0,0,0'),(43,1,94,353,6.52,17.19,'2018-06-21',192,'DL 4674','0,0,0,0,0,0,0,0,0,0,0,0,0,0,0,0,0,0,0,0,0,0,0,0,0,0,0,0,0,0,0,0,0,0,0,0,0,0,0,0,0,0,0,0,0,0,0,0,0,0,0,0,0,0,0,0,0,0,0,0,0,0,0,0,0,0,0,0,0,0,0,0,0,0,0,0,0,0,0,0,0,0,0,0,0,0,0,0,0,0,0,0,0,0,0,0,0,0,0,0,0,0,0,0,0,0,0,0,0,0,0,0,0,0,0,0,0,0,0,0'),(44,1,94,164,2.45,11.08,'2018-06-22',181,'DL 3465','0,0,0,0,0,0,0,0,0,0,0,0,0,0,0,0,0,0,0,0,0,0,0,0,0,0,0,0,0,0,0,0,0,0,0,0,0,0,0,0,0,0,0,0,0,0,0,0,0,0,0,0,0,0,0,0,0,0,0,0,0,0,0,0,0,0,0,0,0,0,0,0,0,0,0,0,0,0,0,0,0,0,0,0,0,0,0,0,0,0,0,0,0,0,0,0,0,0,0,0,0,0,0,0,0,0,0,0,0,0,0,0,0,0,0,0,0,0,0,0'),(45,2,94,353,0.12,2.43,'2018-06-24',189,'AA 2680','0,0,0,0,0,0,0,0,0,0,0,0,0,0,0,0,0,0,0,0,0,0,0,0,0,0,0,0,0,0,0,0,0,0,0,0,0,0,0,0,0,0,0,0,0,0,0,0,0,0,0,0,0,0,0,0,0,0,0,0,0,0,0,0,0,0,0,0,0,0,0,0,0,0,0,0,0,0,0,0,0,0,0,0,0'),(46,2,94,353,1.21,1.34,'2018-06-25',193,'AA 1708','0,0,0,0,0,0,0,0,0,0,0,0,0,0,0,0,0,0,0,0,0,0,0,0,0,0,0,0,0,0,0,0,0,0,0,0,0,0,0,0,0,0,0,0,0,0,0,0,0,0,0,0,0,0,0,0,0,0,0,0,0,0,0,0,0,0,0,0,0,0,0,0,0,0,0,0,0,0,0,0,0,0,0,0,0'),(47,4,138,353,2.33,6.53,'2018-04-26',198,'UA 3401','1,0,0,0,0,0,0,0,0,0,0,0,0,0,0,0,0,0,0,0,0,0,0,0,0,0,0,0,0,0,0,0,0,0,0,0,0,0,0,0,0,0,0,0,0,0,0,0,0,0,0,0,0,0,0,0,0,0,0,0,0,0,0,0,0,0,0,0,0,0,0,0,0,0,0,0,0,0,0,0,0,0,0,0,0,0,0,0,0,0,0,0,0,0,0,0,0,0,0,0,0,0,0,0,0,0,0,0,0,0'),(48,2,38,353,7.09,14.08,'2018-06-29',218,'AA 2680','0,0,0,0,0,0,0,0,0,0,0,0,0,0,0,0,0,0,0,0,0,0,0,0,0,0,0,0,0,0,0,0,0,0,0,0,0,0,0,0,0,0,0,0,0,0,0,0,0,0,0,0,0,0,0,0,0,0,0,0,0,0,0,0,0,0,0,0,0,0,0,0,0,0,0,0,0,0,0,0,0,0,0,0,0'),(49,2,94,164,4.39,13.15,'2018-06-30',227,'AA 1708','0,0,0,0,0,0,0,0,0,0,0,0,0,0,0,0,0,0,0,0,0,0,0,0,0,0,0,0,0,0,0,0,0,0,0,0,0,0,0,0,0,0,0,0,0,0,0,0,0,0,0,0,0,0,0,0,0,0,0,0,0,0,0,0,0,0,0,0,0,0,0,0,0,0,0,0,0,0,0,0,0,0,0,0,0'),(50,1,94,164,4.42,11.21,'2018-07-01',244,'DL 4094','0,0,0,0,0,0,0,0,0,0,0,0,0,0,0,0,0,0,0,0,0,0,0,0,0,0,0,0,0,0,0,0,0,0,0,0,0,0,0,0,0,0,0,0,0,0,0,0,0,0,0,0,0,0,0,0,0,0,0,0,0,0,0,0,0,0,0,0,0,0,0,0,0,0,0,0,0,0,0,0,0,0,0,0,0,0,0,0,0,0,0,0,0,0,0,0,0,0,0,0,0,0,0,0,0,0,0,0,0,0,0,0,0,0,0,0,0,0,0,0'),(51,1,94,164,4.39,16.15,'2018-07-03',250,'DL 3465','0,0,0,0,0,0,0,0,0,0,0,0,0,0,0,0,0,0,0,0,0,0,0,0,0,0,0,0,0,0,0,0,0,0,0,0,0,0,0,0,0,0,0,0,0,0,0,0,0,0,0,0,0,0,0,0,0,0,0,0,0,0,0,0,0,0,0,0,0,0,0,0,0,0,0,0,0,0,0,0,0,0,0,0,0,0,0,0,0,0,0,0,0,0,0,0,0,0,0,0,0,0,0,0,0,0,0,0,0,0,0,0,0,0,0,0,0,0,0,0'),(52,1,38,353,3.42,5.15,'2018-07-05',252,'DL 4094','0,0,0,0,0,0,0,0,0,0,0,0,0,0,0,0,0,0,0,0,0,0,0,0,0,0,0,0,0,0,0,0,0,0,0,0,0,0,0,0,0,0,0,0,0,0,0,0,0,0,0,0,0,0,0,0,0,0,0,0,0,0,0,0,0,0,0,0,0,0,0,0,0,0,0,0,0,0,0,0,0,0,0,0,0,0,0,0,0,0,0,0,0,0,0,0,0,0,0,0,0,0,0,0,0,0,0,0,0,0,0,0,0,0,0,0,0,0,0,0'),(53,4,94,164,6.32,8.16,'2018-07-06',263,'UA 3401','0,0,0,0,0,0,0,0,0,0,0,0,0,0,0,0,0,0,0,0,0,0,0,0,0,0,0,0,0,0,0,0,0,0,0,0,0,0,0,0,0,0,0,0,0,0,0,0,0,0,0,0,0,0,0,0,0,0,0,0,0,0,0,0,0,0,0,0,0,0,0,0,0,0,0,0,0,0,0,0,0,0,0,0,0,0,0,0,0,0,0,0,0,0,0,0,0,0,0,0,0,0,0,0,0,0,0,0,0,0'),(54,4,38,164,5.28,16.01,'2018-07-08',249,'UA 3436','0,0,0,0,0,0,0,0,0,0,0,0,0,0,0,0,0,0,0,0,0,0,0,0,0,0,0,0,0,0,0,0,0,0,0,0,0,0,0,0,0,0,0,0,0,0,0,0,0,0,0,0,0,0,0,0,0,0,0,0,0,0,0,0,0,0,0,0,0,0,0,0,0,0,0,0,0,0,0,0,0,0,0,0,0,0,0,0,0,0,0,0,0,0,0,0,0,0,0,0,0,0,0,0,0,0,0,0,0,0'),(55,2,94,164,3.43,15.26,'2018-07-10',231,'AA 2066','0,0,0,0,0,0,0,0,0,0,0,0,0,0,0,0,0,0,0,0,0,0,0,0,0,0,0,0,0,0,0,0,0,0,0,0,0,0,0,0,0,0,0,0,0,0,0,0,0,0,0,0,0,0,0,0,0,0,0,0,0,0,0,0,0,0,0,0,0,0,0,0,0,0,0,0,0,0,0,0,0,0,0,0,0'),(56,2,94,164,5.29,5.51,'2018-07-12',210,'AA 1608','0,0,0,0,0,0,0,0,0,0,0,0,0,0,0,0,0,0,0,0,0,0,0,0,0,0,0,0,0,0,0,0,0,0,0,0,0,0,0,0,0,0,0,0,0,0,0,0,0,0,0,0,0,0,0,0,0,0,0,0,0,0,0,0,0,0,0,0,0,0,0,0,0,0,0,0,0,0,0,0,0,0,0,0,0'),(57,2,94,356,0.40,3.34,'2018-07-14',214,'AA 2794','0,0,0,0,0,0,0,0,0,0,0,0,0,0,0,0,0,0,0,0,0,0,0,0,0,0,0,0,0,0,0,0,0,0,0,0,0,0,0,0,0,0,0,0,0,0,0,0,0,0,0,0,0,0,0,0,0,0,0,0,0,0,0,0,0,0,0,0,0,0,0,0,0,0,0,0,0,0,0,0,0,0,0,0,0'),(58,2,94,164,4.18,6.01,'2018-07-15',214,'AA 1708','0,0,0,0,0,0,0,0,0,0,0,0,0,0,0,0,0,0,0,0,0,0,0,0,0,0,0,0,0,0,0,0,0,0,0,0,0,0,0,0,0,0,0,0,0,0,0,0,0,0,0,0,0,0,0,0,0,0,0,0,0,0,0,0,0,0,0,0,0,0,0,0,0,0,0,0,0,0,0,0,0,0,0,0,0'),(59,1,138,356,7.58,13.02,'2018-07-16',223,'DL 5503','0,0,0,0,0,0,0,0,0,0,0,0,0,0,0,0,0,0,0,0,0,0,0,0,0,0,0,0,0,0,0,0,0,0,0,0,0,0,0,0,0,0,0,0,0,0,0,0,0,0,0,0,0,0,0,0,0,0,0,0,0,0,0,0,0,0,0,0,0,0,0,0,0,0,0,0,0,0,0,0,0,0,0,0,0,0,0,0,0,0,0,0,0,0,0,0,0,0,0,0,0,0,0,0,0,0,0,0,0,0,0,0,0,0,0,0,0,0,0,0'),(60,2,94,356,0.06,1.19,'2018-07-17',209,'AA 2068','0,0,0,0,0,0,0,0,0,0,0,0,0,0,0,0,0,0,0,0,0,0,0,0,0,0,0,0,0,0,0,0,0,0,0,0,0,0,0,0,0,0,0,0,0,0,0,0,0,0,0,0,0,0,0,0,0,0,0,0,0,0,0,0,0,0,0,0,0,0,0,0,0,0,0,0,0,0,0,0,0,0,0,0,0'),(61,2,138,353,1.38,7.12,'2018-04-26',206,'AA 2062','0,0,0,0,0,0,0,0,0,0,0,0,0,0,0,0,0,0,0,0,0,0,0,0,0,0,0,0,0,0,0,0,0,0,0,0,0,0,0,0,0,0,0,0,0,0,0,0,0,0,0,0,0,0,0,0,0,0,0,0,0,0,0,0,0,0,0,0,0,0,0,0,0,0,0,0,0,0,0,0,0,0,0,0,0'),(62,2,38,356,3.43,15.35,'2018-07-20',205,'AA 1121','0,0,0,0,0,0,0,0,0,0,0,0,0,0,0,0,0,0,0,0,0,0,0,0,0,0,0,0,0,0,0,0,0,0,0,0,0,0,0,0,0,0,0,0,0,0,0,0,0,0,0,0,0,0,0,0,0,0,0,0,0,0,0,0,0,0,0,0,0,0,0,0,0,0,0,0,0,0,0,0,0,0,0,0,0'),(63,2,94,356,5.47,6.46,'2018-07-22',208,'AA 1690','0,0,0,0,0,0,0,0,0,0,0,0,0,0,0,0,0,0,0,0,0,0,0,0,0,0,0,0,0,0,0,0,0,0,0,0,0,0,0,0,0,0,0,0,0,0,0,0,0,0,0,0,0,0,0,0,0,0,0,0,0,0,0,0,0,0,0,0,0,0,0,0,0,0,0,0,0,0,0,0,0,0,0,0,0'),(64,1,138,356,2.26,12.48,'2018-07-24',214,'DL 3465','0,0,0,0,0,0,0,0,0,0,0,0,0,0,0,0,0,0,0,0,0,0,0,0,0,0,0,0,0,0,0,0,0,0,0,0,0,0,0,0,0,0,0,0,0,0,0,0,0,0,0,0,0,0,0,0,0,0,0,0,0,0,0,0,0,0,0,0,0,0,0,0,0,0,0,0,0,0,0,0,0,0,0,0,0,0,0,0,0,0,0,0,0,0,0,0,0,0,0,0,0,0,0,0,0,0,0,0,0,0,0,0,0,0,0,0,0,0,0,0'),(65,4,94,356,3.18,9.32,'2018-07-26',233,'UA 1880','0,0,0,0,0,0,0,0,0,0,0,0,0,0,0,0,0,0,0,0,0,0,0,0,0,0,0,0,0,0,0,0,0,0,0,0,0,0,0,0,0,0,0,0,0,0,0,0,0,0,0,0,0,0,0,0,0,0,0,0,0,0,0,0,0,0,0,0,0,0,0,0,0,0,0,0,0,0,0,0,0,0,0,0,0,0,0,0,0,0,0,0,0,0,0,0,0,0,0,0,0,0,0,0,0,0,0,0,0,0'),(66,1,94,356,1.55,8.53,'2018-07-27',243,'DL 5092','0,0,0,0,0,0,0,0,0,0,0,0,0,0,0,0,0,0,0,0,0,0,0,0,0,0,0,0,0,0,0,0,0,0,0,0,0,0,0,0,0,0,0,0,0,0,0,0,0,0,0,0,0,0,0,0,0,0,0,0,0,0,0,0,0,0,0,0,0,0,0,0,0,0,0,0,0,0,0,0,0,0,0,0,0,0,0,0,0,0,0,0,0,0,0,0,0,0,0,0,0,0,0,0,0,0,0,0,0,0,0,0,0,0,0,0,0,0,0,0'),(67,1,79,353,2.27,13.00,'2018-07-29',229,'DL 5497','0,0,0,0,0,0,0,0,0,0,0,0,0,0,0,0,0,0,0,0,0,0,0,0,0,0,0,0,0,0,0,0,0,0,0,0,0,0,0,0,0,0,0,0,0,0,0,0,0,0,0,0,0,0,0,0,0,0,0,0,0,0,0,0,0,0,0,0,0,0,0,0,0,0,0,0,0,0,0,0,0,0,0,0,0,0,0,0,0,0,0,0,0,0,0,0,0,0,0,0,0,0,0,0,0,0,0,0,0,0,0,0,0,0,0,0,0,0,0,0'),(68,2,138,356,4.19,14.46,'2018-07-30',221,'AA 2794','0,0,0,0,0,0,0,0,0,0,0,0,0,0,0,0,0,0,0,0,0,0,0,0,0,0,0,0,0,0,0,0,0,0,0,0,0,0,0,0,0,0,0,0,0,0,0,0,0,0,0,0,0,0,0,0,0,0,0,0,0,0,0,0,0,0,0,0,0,0,0,0,0,0,0,0,0,0,0,0,0,0,0,0,0'),(69,2,94,353,2.50,9.36,'2018-08-01',213,'AA 2068','0,0,0,0,0,0,0,0,0,0,0,0,0,0,0,0,0,0,0,0,0,0,0,0,0,0,0,0,0,0,0,0,0,0,0,0,0,0,0,0,0,0,0,0,0,0,0,0,0,0,0,0,0,0,0,0,0,0,0,0,0,0,0,0,0,0,0,0,0,0,0,0,0,0,0,0,0,0,0,0,0,0,0,0,0'),(70,2,94,356,0.10,10.39,'2018-08-02',213,'AA 1435','0,0,0,0,0,0,0,0,0,0,0,0,0,0,0,0,0,0,0,0,0,0,0,0,0,0,0,0,0,0,0,0,0,0,0,0,0,0,0,0,0,0,0,0,0,0,0,0,0,0,0,0,0,0,0,0,0,0,0,0,0,0,0,0,0,0,0,0,0,0,0,0,0,0,0,0,0,0,0,0,0,0,0,0,0'),(71,1,79,356,1.18,4.34,'2018-08-03',211,'DL 4674','0,0,0,0,0,0,0,0,0,0,0,0,0,0,0,0,0,0,0,0,0,0,0,0,0,0,0,0,0,0,0,0,0,0,0,0,0,0,0,0,0,0,0,0,0,0,0,0,0,0,0,0,0,0,0,0,0,0,0,0,0,0,0,0,0,0,0,0,0,0,0,0,0,0,0,0,0,0,0,0,0,0,0,0,0,0,0,0,0,0,0,0,0,0,0,0,0,0,0,0,0,0,0,0,0,0,0,0,0,0,0,0,0,0,0,0,0,0,0,0'),(72,1,138,164,5.53,14.02,'2018-08-04',217,'DL 5077','0,0,0,0,0,0,0,0,0,0,0,0,0,0,0,0,0,0,0,0,0,0,0,0,0,0,0,0,0,0,0,0,0,0,0,0,0,0,0,0,0,0,0,0,0,0,0,0,0,0,0,0,0,0,0,0,0,0,0,0,0,0,0,0,0,0,0,0,0,0,0,0,0,0,0,0,0,0,0,0,0,0,0,0,0,0,0,0,0,0,0,0,0,0,0,0,0,0,0,0,0,0,0,0,0,0,0,0,0,0,0,0,0,0,0,0,0,0,0,0'),(73,3,79,164,7.51,14.27,'2018-08-06',216,'B6 1118','0,0,0,0,0,0,0,0,0,0,0,0,0,0,0,0,0,0,0,0,0,0,0,0,0,0,0,0,0,0,0,0,0,0,0,0,0,0,0,0,0,0,0,0,0,0,0,0,0,0,0,0,0,0,0,0,0,0,0,0,0,0,0,0,0,0,0,0,0,0,0,0,0,0,0,0,0,0'),(74,2,94,353,5.35,8.49,'2018-08-08',228,'AA 2060','0,0,0,0,0,0,0,0,0,0,0,0,0,0,0,0,0,0,0,0,0,0,0,0,0,0,0,0,0,0,0,0,0,0,0,0,0,0,0,0,0,0,0,0,0,0,0,0,0,0,0,0,0,0,0,0,0,0,0,0,0,0,0,0,0,0,0,0,0,0,0,0,0,0,0,0,0,0,0,0,0,0,0,0,0'),(75,2,38,356,3.36,4.14,'2018-08-10',209,'AA 2060','0,0,0,0,0,0,0,0,0,0,0,0,0,0,0,0,0,0,0,0,0,0,0,0,0,0,0,0,0,0,0,0,0,0,0,0,0,0,0,0,0,0,0,0,0,0,0,0,0,0,0,0,0,0,0,0,0,0,0,0,0,0,0,0,0,0,0,0,0,0,0,0,0,0,0,0,0,0,0,0,0,0,0,0,0'),(76,4,138,356,6.48,9.21,'2018-08-12',222,'UA 3499','0,0,0,0,0,0,0,0,0,0,0,0,0,0,0,0,0,0,0,0,0,0,0,0,0,0,0,0,0,0,0,0,0,0,0,0,0,0,0,0,0,0,0,0,0,0,0,0,0,0,0,0,0,0,0,0,0,0,0,0,0,0,0,0,0,0,0,0,0,0,0,0,0,0,0,0,0,0,0,0,0,0,0,0,0,0,0,0,0,0,0,0,0,0,0,0,0,0,0,0,0,0,0,0,0,0,0,0,0,0'),(77,1,38,353,1.53,11.36,'2018-08-14',232,'DL 4094','0,0,0,0,0,0,0,0,0,0,0,0,0,0,0,0,0,0,0,0,0,0,0,0,0,0,0,0,0,0,0,0,0,0,0,0,0,0,0,0,0,0,0,0,0,0,0,0,0,0,0,0,0,0,0,0,0,0,0,0,0,0,0,0,0,0,0,0,0,0,0,0,0,0,0,0,0,0,0,0,0,0,0,0,0,0,0,0,0,0,0,0,0,0,0,0,0,0,0,0,0,0,0,0,0,0,0,0,0,0,0,0,0,0,0,0,0,0,0,0'),(78,2,94,356,7.42,17.12,'2018-08-15',236,'AA 1608','0,0,0,0,0,0,0,0,0,0,0,0,0,0,0,0,0,0,0,0,0,0,0,0,0,0,0,0,0,0,0,0,0,0,0,0,0,0,0,0,0,0,0,0,0,0,0,0,0,0,0,0,0,0,0,0,0,0,0,0,0,0,0,0,0,0,0,0,0,0,0,0,0,0,0,0,0,0,0,0,0,0,0,0,0'),(79,1,138,356,0.44,11.44,'2018-08-16',239,'DL 4094','0,0,0,0,0,0,0,0,0,0,0,0,0,0,0,0,0,0,0,0,0,0,0,0,0,0,0,0,0,0,0,0,0,0,0,0,0,0,0,0,0,0,0,0,0,0,0,0,0,0,0,0,0,0,0,0,0,0,0,0,0,0,0,0,0,0,0,0,0,0,0,0,0,0,0,0,0,0,0,0,0,0,0,0,0,0,0,0,0,0,0,0,0,0,0,0,0,0,0,0,0,0,0,0,0,0,0,0,0,0,0,0,0,0,0,0,0,0,0,0'),(80,2,138,356,6.28,18.05,'2018-08-17',234,'AA 338','0,0,0,0,0,0,0,0,0,0,0,0,0,0,0,0,0,0,0,0,0,0,0,0,0,0,0,0,0,0,0,0,0,0,0,0,0,0,0,0,0,0,0,0,0,0,0,0,0,0,0,0,0,0,0,0,0,0,0,0,0,0,0,0,0,0,0,0,0,0,0,0,0,0,0,0,0,0,0,0,0,0,0,0,0'),(81,4,94,164,3.01,4.27,'2018-08-19',252,'UA 3401','0,0,0,0,0,0,0,0,0,0,0,0,0,0,0,0,0,0,0,0,0,0,0,0,0,0,0,0,0,0,0,0,0,0,0,0,0,0,0,0,0,0,0,0,0,0,0,0,0,0,0,0,0,0,0,0,0,0,0,0,0,0,0,0,0,0,0,0,0,0,0,0,0,0,0,0,0,0,0,0,0,0,0,0,0,0,0,0,0,0,0,0,0,0,0,0,0,0,0,0,0,0,0,0,0,0,0,0,0,0'),(82,3,138,164,3.30,3.59,'2018-08-21',241,'B6 1118','0,0,0,0,0,0,0,0,0,0,0,0,0,0,0,0,0,0,0,0,0,0,0,0,0,0,0,0,0,0,0,0,0,0,0,0,0,0,0,0,0,0,0,0,0,0,0,0,0,0,0,0,0,0,0,0,0,0,0,0,0,0,0,0,0,0,0,0,0,0,0,0,0,0,0,0,0,0'),(83,4,94,164,5.33,6.22,'2018-08-23',235,'UA 3436','0,0,0,0,0,0,0,0,0,0,0,0,0,0,0,0,0,0,0,0,0,0,0,0,0,0,0,0,0,0,0,0,0,0,0,0,0,0,0,0,0,0,0,0,0,0,0,0,0,0,0,0,0,0,0,0,0,0,0,0,0,0,0,0,0,0,0,0,0,0,0,0,0,0,0,0,0,0,0,0,0,0,0,0,0,0,0,0,0,0,0,0,0,0,0,0,0,0,0,0,0,0,0,0,0,0,0,0,0,0'),(84,2,94,353,0.47,6.22,'2018-08-25',220,'AA 338','0,0,0,0,0,0,0,0,0,0,0,0,0,0,0,0,0,0,0,0,0,0,0,0,0,0,0,0,0,0,0,0,0,0,0,0,0,0,0,0,0,0,0,0,0,0,0,0,0,0,0,0,0,0,0,0,0,0,0,0,0,0,0,0,0,0,0,0,0,0,0,0,0,0,0,0,0,0,0,0,0,0,0,0,0'),(85,2,94,164,6.39,13.22,'2018-08-26',217,'AA 2066','0,0,0,0,0,0,0,0,0,0,0,0,0,0,0,0,0,0,0,0,0,0,0,0,0,0,0,0,0,0,0,0,0,0,0,0,0,0,0,0,0,0,0,0,0,0,0,0,0,0,0,0,0,0,0,0,0,0,0,0,0,0,0,0,0,0,0,0,0,0,0,0,0,0,0,0,0,0,0,0,0,0,0,0,0'),(86,1,94,353,6.57,15.11,'2018-08-27',210,'DL 5503','0,0,0,0,0,0,0,0,0,0,0,0,0,0,0,0,0,0,0,0,0,0,0,0,0,0,0,0,0,0,0,0,0,0,0,0,0,0,0,0,0,0,0,0,0,0,0,0,0,0,0,0,0,0,0,0,0,0,0,0,0,0,0,0,0,0,0,0,0,0,0,0,0,0,0,0,0,0,0,0,0,0,0,0,0,0,0,0,0,0,0,0,0,0,0,0,0,0,0,0,0,0,0,0,0,0,0,0,0,0,0,0,0,0,0,0,0,0,0,0'),(87,3,94,353,7.12,15.56,'2018-08-28',215,'B6 1118','0,0,0,0,0,0,0,0,0,0,0,0,0,0,0,0,0,0,0,0,0,0,0,0,0,0,0,0,0,0,0,0,0,0,0,0,0,0,0,0,0,0,0,0,0,0,0,0,0,0,0,0,0,0,0,0,0,0,0,0,0,0,0,0,0,0,0,0,0,0,0,0,0,0,0,0,0,0'),(88,2,38,164,1.32,2.02,'2018-08-29',238,'AA 338','0,0,0,0,0,0,0,0,0,0,0,0,0,0,0,0,0,0,0,0,0,0,0,0,0,0,0,0,0,0,0,0,0,0,0,0,0,0,0,0,0,0,0,0,0,0,0,0,0,0,0,0,0,0,0,0,0,0,0,0,0,0,0,0,0,0,0,0,0,0,0,0,0,0,0,0,0,0,0,0,0,0,0,0,0'),(89,4,38,356,2.15,10.42,'2018-08-30',214,'UA 3401','0,0,0,0,0,0,0,0,0,0,0,0,0,0,0,0,0,0,0,0,0,0,0,0,0,0,0,0,0,0,0,0,0,0,0,0,0,0,0,0,0,0,0,0,0,0,0,0,0,0,0,0,0,0,0,0,0,0,0,0,0,0,0,0,0,0,0,0,0,0,0,0,0,0,0,0,0,0,0,0,0,0,0,0,0,0,0,0,0,0,0,0,0,0,0,0,0,0,0,0,0,0,0,0,0,0,0,0,0,0'),(90,4,94,164,5.31,6.05,'2018-08-31',220,'UA 1880','0,0,0,0,0,0,0,0,0,0,0,0,0,0,0,0,0,0,0,0,0,0,0,0,0,0,0,0,0,0,0,0,0,0,0,0,0,0,0,0,0,0,0,0,0,0,0,0,0,0,0,0,0,0,0,0,0,0,0,0,0,0,0,0,0,0,0,0,0,0,0,0,0,0,0,0,0,0,0,0,0,0,0,0,0,0,0,0,0,0,0,0,0,0,0,0,0,0,0,0,0,0,0,0,0,0,0,0,0,0'),(91,2,38,164,4.09,10.19,'2018-09-01',231,'AA 641','0,0,0,0,0,0,0,0,0,0,0,0,0,0,0,0,0,0,0,0,0,0,0,0,0,0,0,0,0,0,0,0,0,0,0,0,0,0,0,0,0,0,0,0,0,0,0,0,0,0,0,0,0,0,0,0,0,0,0,0,0,0,0,0,0,0,0,0,0,0,0,0,0,0,0,0,0,0,0,0,0,0,0,0,0'),(92,2,38,356,3.20,3.54,'2018-09-02',234,'AA 1757','0,0,0,0,0,0,0,0,0,0,0,0,0,0,0,0,0,0,0,0,0,0,0,0,0,0,0,0,0,0,0,0,0,0,0,0,0,0,0,0,0,0,0,0,0,0,0,0,0,0,0,0,0,0,0,0,0,0,0,0,0,0,0,0,0,0,0,0,0,0,0,0,0,0,0,0,0,0,0,0,0,0,0,0,0'),(93,1,138,356,1.29,2.10,'2018-09-03',237,'DL 3459','0,0,0,0,0,0,0,0,0,0,0,0,0,0,0,0,0,0,0,0,0,0,0,0,0,0,0,0,0,0,0,0,0,0,0,0,0,0,0,0,0,0,0,0,0,0,0,0,0,0,0,0,0,0,0,0,0,0,0,0,0,0,0,0,0,0,0,0,0,0,0,0,0,0,0,0,0,0,0,0,0,0,0,0,0,0,0,0,0,0,0,0,0,0,0,0,0,0,0,0,0,0,0,0,0,0,0,0,0,0,0,0,0,0,0,0,0,0,0,0'),(94,4,176,356,3.46,4.32,'2018-09-05',260,'UA 1880','0,0,0,0,0,0,0,0,0,0,0,0,0,0,0,0,0,0,0,0,0,0,0,0,0,0,0,0,0,0,0,0,0,0,0,0,0,0,0,0,0,0,0,0,0,0,0,0,0,0,0,0,0,0,0,0,0,0,0,0,0,0,0,0,0,0,0,0,0,0,0,0,0,0,0,0,0,0,0,0,0,0,0,0,0,0,0,0,0,0,0,0,0,0,0,0,0,0,0,0,0,0,0,0,0,0,0,0,0,0'),(95,1,176,356,4.14,10.08,'2018-09-07',260,'DL 3465','0,0,0,0,0,0,0,0,0,0,0,0,0,0,0,0,0,0,0,0,0,0,0,0,0,0,0,0,0,0,0,0,0,0,0,0,0,0,0,0,0,0,0,0,0,0,0,0,0,0,0,0,0,0,0,0,0,0,0,0,0,0,0,0,0,0,0,0,0,0,0,0,0,0,0,0,0,0,0,0,0,0,0,0,0,0,0,0,0,0,0,0,0,0,0,0,0,0,0,0,0,0,0,0,0,0,0,0,0,0,0,0,0,0,0,0,0,0,0,0'),(96,1,176,353,6.12,12.07,'2018-09-09',265,'DL 5325','0,0,0,0,0,0,0,0,0,0,0,0,0,0,0,0,0,0,0,0,0,0,0,0,0,0,0,0,0,0,0,0,0,0,0,0,0,0,0,0,0,0,0,0,0,0,0,0,0,0,0,0,0,0,0,0,0,0,0,0,0,0,0,0,0,0,0,0,0,0,0,0,0,0,0,0,0,0,0,0,0,0,0,0,0,0,0,0,0,0,0,0,0,0,0,0,0,0,0,0,0,0,0,0,0,0,0,0,0,0,0,0,0,0,0,0,0,0,0,0'),(97,2,176,164,4.08,5.20,'2018-09-10',248,'AA 1910','0,0,0,0,0,0,0,0,0,0,0,0,0,0,0,0,0,0,0,0,0,0,0,0,0,0,0,0,0,0,0,0,0,0,0,0,0,0,0,0,0,0,0,0,0,0,0,0,0,0,0,0,0,0,0,0,0,0,0,0,0,0,0,0,0,0,0,0,0,0,0,0,0,0,0,0,0,0,0,0,0,0,0,0,0'),(98,2,176,353,6.26,13.33,'2018-09-12',257,'AA 338','0,0,0,0,0,0,0,0,0,0,0,0,0,0,0,0,0,0,0,0,0,0,0,0,0,0,0,0,0,0,0,0,0,0,0,0,0,0,0,0,0,0,0,0,0,0,0,0,0,0,0,0,0,0,0,0,0,0,0,0,0,0,0,0,0,0,0,0,0,0,0,0,0,0,0,0,0,0,0,0,0,0,0,0,0'),(99,2,138,353,7.47,8.26,'2018-09-13',271,'AA 338','0,0,0,0,0,0,0,0,0,0,0,0,0,0,0,0,0,0,0,0,0,0,0,0,0,0,0,0,0,0,0,0,0,0,0,0,0,0,0,0,0,0,0,0,0,0,0,0,0,0,0,0,0,0,0,0,0,0,0,0,0,0,0,0,0,0,0,0,0,0,0,0,0,0,0,0,0,0,0,0,0,0,0,0,0'),(100,1,38,164,2.30,13.07,'2018-09-15',280,'DL 4674','0,0,0,0,0,0,0,0,0,0,0,0,0,0,0,0,0,0,0,0,0,0,0,0,0,0,0,0,0,0,0,0,0,0,0,0,0,0,0,0,0,0,0,0,0,0,0,0,0,0,0,0,0,0,0,0,0,0,0,0,0,0,0,0,0,0,0,0,0,0,0,0,0,0,0,0,0,0,0,0,0,0,0,0,0,0,0,0,0,0,0,0,0,0,0,0,0,0,0,0,0,0,0,0,0,0,0,0,0,0,0,0,0,0,0,0,0,0,0,0'),(101,1,38,164,0.11,6.47,'2018-09-17',281,'DL 5325','0,0,0,0,0,0,0,0,0,0,0,0,0,0,0,0,0,0,0,0,0,0,0,0,0,0,0,0,0,0,0,0,0,0,0,0,0,0,0,0,0,0,0,0,0,0,0,0,0,0,0,0,0,0,0,0,0,0,0,0,0,0,0,0,0,0,0,0,0,0,0,0,0,0,0,0,0,0,0,0,0,0,0,0,0,0,0,0,0,0,0,0,0,0,0,0,0,0,0,0,0,0,0,0,0,0,0,0,0,0,0,0,0,0,0,0,0,0,0,0'),(102,1,94,353,4.03,12.39,'2018-09-18',276,'DL 5092','0,0,0,0,0,0,0,0,0,0,0,0,0,0,0,0,0,0,0,0,0,0,0,0,0,0,0,0,0,0,0,0,0,0,0,0,0,0,0,0,0,0,0,0,0,0,0,0,0,0,0,0,0,0,0,0,0,0,0,0,0,0,0,0,0,0,0,0,0,0,0,0,0,0,0,0,0,0,0,0,0,0,0,0,0,0,0,0,0,0,0,0,0,0,0,0,0,0,0,0,0,0,0,0,0,0,0,0,0,0,0,0,0,0,0,0,0,0,0,0'),(103,2,38,353,3.22,13.13,'2018-09-19',301,'AA 1608','0,0,0,0,0,0,0,0,0,0,0,0,0,0,0,0,0,0,0,0,0,0,0,0,0,0,0,0,0,0,0,0,0,0,0,0,0,0,0,0,0,0,0,0,0,0,0,0,0,0,0,0,0,0,0,0,0,0,0,0,0,0,0,0,0,0,0,0,0,0,0,0,0,0,0,0,0,0,0,0,0,0,0,0,0'),(104,1,38,164,7.26,11.51,'2018-09-20',280,'DL 3459','0,0,0,0,0,0,0,0,0,0,0,0,0,0,0,0,0,0,0,0,0,0,0,0,0,0,0,0,0,0,0,0,0,0,0,0,0,0,0,0,0,0,0,0,0,0,0,0,0,0,0,0,0,0,0,0,0,0,0,0,0,0,0,0,0,0,0,0,0,0,0,0,0,0,0,0,0,0,0,0,0,0,0,0,0,0,0,0,0,0,0,0,0,0,0,0,0,0,0,0,0,0,0,0,0,0,0,0,0,0,0,0,0,0,0,0,0,0,0,0'),(105,2,138,164,7.59,9.10,'2018-09-22',280,'AA 2680','0,0,0,0,0,0,0,0,0,0,0,0,0,0,0,0,0,0,0,0,0,0,0,0,0,0,0,0,0,0,0,0,0,0,0,0,0,0,0,0,0,0,0,0,0,0,0,0,0,0,0,0,0,0,0,0,0,0,0,0,0,0,0,0,0,0,0,0,0,0,0,0,0,0,0,0,0,0,0,0,0,0,0,0,0'),(107,2,79,92,8.50,11.20,'2018-04-28',160,'AA 2354','0,0,0,0,0,0,0,0,0,0,0,0,0,0,0,0,0,0,0,0,0,0,0,0,0,0,0,0,0,0,0,0,0,0,0,0,0,0,0,0,0,0,0,0,0,0,0,0,0,0,0,0,0,0,0,0,0,0,0,0,0,0,0,0,0,0,0,0,0,0,0,0,0,0,0,0,0,0,0,0,0,0,0,0,0'),(108,4,79,92,10.20,14.10,'2018-04-28',200,'DD3465','0,0,0,0,0,0,0,0,0,0,0,0,0,0,0,0,0,0,0,0,0,0,0,0,0,0,0,0,0,0,0,0,0,0,0,0,0,0,0,0,0,0,0,0,0,0,0,0,0,0,0,0,0,0,0,0,0,0,0,0,0,0,0,0,0,0,0,0,0,0,0,0,0,0,0,0,0,0,0,0,0,0,0,0,0,0,0,0,0,0,0,0,0,0,0,0,0,0,0,0,0,0,0,0,0,0,0,0,0,0'),(109,1,79,92,10.10,13.40,'2018-04-28',210,'MN6890','0,0,0,0,0,0,0,0,0,0,0,0,0,0,0,0,0,0,0,0,0,0,0,0,0,0,0,0,0,0,0,0,0,0,0,0,0,0,0,0,0,0,0,0,0,0,0,0,0,0,0,0,0,0,0,0,0,0,0,0,0,0,0,0,0,0,0,0,0,0,0,0,0,0,0,0,0,0,0,0,0,0,0,0,0,0,0,0,0,0,0,0,0,0,0,0,0,0,0,0,0,0,0,0,0,0,0,0,0,0,0,0,0,0,0,0,0,0,0,0'),(110,2,79,92,12.10,15.30,'2018-04-28',180,'AAF565','0,0,0,0,0,0,0,0,0,0,0,0,0,0,0,0,0,0,0,0,0,0,0,0,0,0,0,0,0,0,0,0,0,0,0,0,0,0,0,0,0,0,0,0,0,0,0,0,0,0,0,0,0,0,0,0,0,0,0,0,0,0,0,0,0,0,0,0,0,0,0,0,0,0,0,0,0,0,0,0,0,0,0,0,0'),(111,2,79,92,13.45,17.10,'2018-04-28',175,'AA1125','0,0,0,0,0,0,0,0,0,0,0,0,0,0,0,0,0,0,0,0,0,0,0,0,0,0,0,0,0,0,0,0,0,0,0,0,0,0,0,0,0,0,0,0,0,0,0,0,0,0,0,0,0,0,0,0,0,0,0,0,0,0,0,0,0,0,0,0,0,0,0,0,0,0,0,0,0,0,0,0,0,0,0,0,0'),(112,1,79,92,14.54,18.45,'2018-04-28',180,'AF8937',NULL);
/*!40000 ALTER TABLE `ItineraryDetails` ENABLE KEYS */;
UNLOCK TABLES;

--
-- Table structure for table `Users`
--

DROP TABLE IF EXISTS `Users`;
/*!40101 SET @saved_cs_client     = @@character_set_client */;
/*!40101 SET character_set_client = utf8 */;
CREATE TABLE `Users` (
  `Id` mediumint(8) unsigned NOT NULL AUTO_INCREMENT,
  `FirstName` varchar(255) DEFAULT NULL,
  `LastName` varchar(255) DEFAULT NULL,
  `Password` text,
  `DOB` varchar(255) DEFAULT NULL,
  `Email` varchar(255) DEFAULT NULL,
  `Address` varchar(255) DEFAULT NULL,
  `Admin` mediumint(9) DEFAULT NULL,
  PRIMARY KEY (`Id`)
) ENGINE=InnoDB AUTO_INCREMENT=103 DEFAULT CHARSET=latin1;
/*!40101 SET character_set_client = @saved_cs_client */;

--
-- Dumping data for table `Users`
--

LOCK TABLES `Users` WRITE;
/*!40000 ALTER TABLE `Users` DISABLE KEYS */;
INSERT INTO `Users` VALUES (1,'Marcia','Caldwell','p','11/26/2006','metus.Vivamus.euismod@estarcu.ca','993-6205 Et, St.',0),(2,'Maxwell','Connor','p','11/27/1993','Praesent.luctus@magnaPraesent.com','7206 Integer Av.',0),(3,'Nerea','Demetria','p','06/15/1993','nunc@egestaslacinia.ca','Ap #724-1523 Leo. Ave',0),(4,'Odette','Alfreda','p','10/25/2002','eu.tempor.erat@acturpis.edu','P.O. Box 743, 6906 Et, St.',0),(5,'Solomon','Jin','p','04/12/1998','vulputate@enimcommodohendrerit.ca','1552 Dapibus St.',0),(6,'Jerome','Yardley','p','11/21/2011','et.ultrices@tristique.edu','5662 Sagittis. Av.',0),(7,'Caesar','Kenyon','p','08/06/2000','a.odio.semper@Suspendisse.ca','8877 Feugiat. Avenue',0),(8,'Jennifer','Berk','p','09/20/2008','tincidunt@lacinia.org','365-8888 Nullam Av.',0),(9,'Galvin','Sierra','p','03/20/2001','ullamcorper@Integervitae.co.uk','8966 Nulla. Rd.',0),(10,'Hiram','Declan','p','11/07/2005','Aliquam@liberoduinec.org','6714 Fringilla St.',0),(11,'Rhoda','Preston','p','02/20/1997','est.ac.facilisis@pharetra.org','193-2095 Tempus Ave',0),(12,'Eliana','Tanner','p','08/23/1996','consectetuer@Vivamussit.edu','207-6799 Sollicitudin Rd.',0),(13,'Nerea','Adena','p','10/18/2002','sapien@eros.net','665-7551 Curabitur Street',0),(14,'Benedict','Walker','p','03/07/1995','interdum.Sed.auctor@ut.co.uk','176-4909 Accumsan Street',0),(15,'Palmer','Amaya','p','10/04/2012','nascetur@utmiDuis.org','716-5668 Enim St.',0),(16,'Mufutau','Clarke','p','06/13/1997','lectus@velarcu.net','P.O. Box 525, 2546 Mauris St.',0),(17,'Emily','Elliott','p','06/25/1998','libero.Morbi.accumsan@iaculisquispede.co.uk','383-4282 Nibh Av.',0),(18,'Aidan','Brendan','p','03/20/2005','tellus.justo@convallis.org','297-5521 Nisi St.',0),(19,'Edward','Carly','p','03/12/2000','suscipit@elit.co.uk','408-6043 Suspendisse Rd.',0),(20,'Grady','Victoria','p','12/22/1996','eget@odio.com','Ap #895-9745 Sit Road',0),(21,'Sacha','Brianna','p','06/17/2013','a@metusAliquamerat.net','7040 Nunc Road',0),(22,'Ayanna','Fulton','p','01/09/1997','ante.dictum.mi@euismod.org','P.O. Box 480, 9525 Pellentesque Rd.',0),(23,'Tucker','Dillon','p','06/14/2013','pede@eget.ca','2358 Urna. St.',0),(24,'Angelica','Brody','p','12/09/2007','orci.tincidunt.adipiscing@amet.com','7511 Consequat Rd.',0),(25,'Caleb','Orson','p','06/16/1997','metus.Aenean@tempuseuligula.ca','Ap #941-3063 Nunc Av.',0),(26,'Kelly','Nathan','p','09/20/2001','Nunc.commodo@nonummyFuscefermentum.edu','Ap #136-3027 Etiam Ave',0),(27,'Luke','Randall','p','10/15/2003','sed.est@arcuiaculisenim.co.uk','122-2691 Semper Rd.',0),(28,'Kylynn','Joseph','p','07/13/2004','Aenean.eget.magna@enim.edu','P.O. Box 160, 5552 Nisi. St.',0),(29,'Stewart','Kennan','p','06/03/1995','justo.sit.amet@volutpatNulla.org','P.O. Box 262, 9461 Malesuada St.',0),(30,'Lani','Kevin','p','01/29/2001','ante@aliquet.co.uk','P.O. Box 361, 5911 Aliquam St.',0),(31,'Tad','Hannah','p','07/30/2013','auctor.quis@Donec.org','577-4083 Pede Street',0),(32,'Flavia','Athena','p','10/06/2004','molestie@tellussem.org','299-1277 Nulla. Street',0),(33,'Christopher','Raya','p','07/05/2002','velit.Quisque.varius@nectempus.com','293-8543 Eget, Rd.',0),(34,'Sacha','Fletcher','p','10/19/2001','vel.convallis.in@diam.ca','P.O. Box 817, 4268 Interdum St.',0),(35,'Ferdinand','Mercedes','p','05/05/1996','egestas.blandit.Nam@Sedauctor.edu','P.O. Box 725, 3323 Ultrices Avenue',0),(36,'Kitra','Serina','p','08/24/1998','bibendum@massaQuisque.edu','P.O. Box 903, 4526 Ridiculus Ave',0),(37,'Dakota','Fatima','p','09/11/2009','montes.nascetur.ridiculus@venenatis.net','542-1142 Sapien, St.',0),(38,'Hilda','Dieter','p','03/12/2002','interdum.Curabitur@neque.org','687-1995 Integer Avenue',0),(39,'Reece','Keefe','p','04/19/2003','rutrum.urna@mattisInteger.net','403-8721 Risus Street',0),(40,'Inga','Malik','p','10/14/2008','Nulla.tincidunt.neque@risusIn.com','P.O. Box 790, 3451 Rutrum, St.',0),(41,'Odette','Murphy','p','11/15/2004','Proin.sed.turpis@dolorQuisquetincidunt.com','Ap #156-3929 Semper Road',0),(42,'Kalia','Neville','p','10/25/2009','In.mi.pede@id.ca','3585 Nonummy Av.',0),(43,'Lacota','Burton','p','08/07/1993','nisi@rutrum.com','184-2686 Euismod Road',0),(44,'Zachary','Imelda','p','04/10/2011','vehicula.et.rutrum@Cras.org','418-6822 Sociis Av.',0),(45,'Nita','Velma','p','11/19/1994','nec@euismod.org','4029 Quis St.',0),(46,'Carlos','Jessamine','p','12/04/1997','pede.Praesent.eu@orci.net','Ap #202-9153 Tincidunt St.',0),(47,'Dominic','Brent','p','01/16/2002','sem@odio.ca','661-6630 Nisl Rd.',0),(48,'Larissa','Karen','p','10/22/2003','auctor.non.feugiat@primisinfaucibus.com','P.O. Box 194, 6999 Risus. St.',0),(49,'Mechelle','Tamekah','p','05/10/1998','vel.arcu.eu@dignissimmagna.com','4689 Sem Road',0),(50,'Linus','Eaton','p','01/24/2010','eget.mollis@temporbibendumDonec.edu','Ap #521-7213 Ut Street',0),(51,'Noel','Jameson','p','06/12/1999','sapien@molestietortor.co.uk','147 Dis Rd.',0),(52,'Bertha','Josephine','p','04/15/1995','scelerisque@Nunclectuspede.co.uk','P.O. Box 933, 9614 Tortor. Street',0),(53,'Rhiannon','Samantha','p','09/16/2012','massa.Vestibulum.accumsan@et.net','9030 Non, St.',0),(54,'Ali','Oleg','p','01/09/2012','rutrum@semNulla.co.uk','Ap #751-5712 Magna Street',0),(55,'Kylynn','Medge','p','01/27/1995','tincidunt.adipiscing.Mauris@Quisque.edu','970-8580 Aliquam Street',0),(56,'Shay','Jakeem','p','01/18/1993','eros.nec.tellus@nuncullamcorper.ca','412-2837 Nisi. St.',0),(57,'Aubrey','Cassidy','p','01/04/2001','Aliquam.adipiscing@metusIn.edu','P.O. Box 465, 6734 Dictum. Avenue',0),(58,'Colt','Brian','p','04/03/2008','elit@Aeneaneget.net','Ap #458-2111 Urna. Avenue',0),(59,'Dai','Idola','p','08/02/1999','eu.tellus.eu@lorem.edu','Ap #430-4282 Nibh Road',0),(60,'Oprah','Joelle','p','08/10/2002','tortor.dictum@senectuset.org','Ap #663-6528 Pharetra, Street',0),(61,'Cassady','Fletcher','p','07/06/2007','faucibus.lectus@dignissim.org','9481 Primis Street',0),(62,'Axel','Hyatt','p','02/06/2005','at.velit@Quisquepurus.ca','Ap #622-7823 Tempor, Road',0),(63,'Marsden','Herman','p','12/12/2001','vel.convallis.in@condimentum.co.uk','710-3926 Aenean Road',0),(64,'Kai','Nichole','p','01/29/2008','Nam@ligula.org','P.O. Box 826, 8240 Dolor St.',0),(65,'Gavin','Clinton','p','03/12/2008','nascetur.ridiculus@etultrices.edu','Ap #289-9463 Orci St.',0),(66,'Dakota','Ignacia','p','02/18/2003','ornare@laoreetliberoet.co.uk','Ap #429-9419 Nisl Av.',0),(67,'Gillian','May','p','06/09/1996','dictum.eleifend@velit.ca','303 Proin Av.',0),(68,'Germaine','Randall','p','04/21/2008','odio@molestieintempus.net','231-9039 Nunc St.',0),(69,'Warren','Justina','p','09/27/2007','Sed.diam.lorem@enimCurabitur.co.uk','P.O. Box 167, 1719 Ipsum. Avenue',0),(70,'Curran','Karen','p','01/12/2002','Curabitur@amagnaLorem.edu','P.O. Box 383, 9320 Praesent St.',0),(71,'Yardley','Adam','p','08/18/2005','metus@feugiat.org','Ap #160-1627 Ut Ave',0),(72,'Angela','Kyra','p','04/04/1997','fringilla.mi.lacinia@Maurisblandit.ca','330-3433 Consectetuer, Rd.',0),(73,'Beau','Trevor','p','07/02/1996','nec.cursus@feugiatnonlobortis.co.uk','119-1279 Facilisis, Av.',0),(74,'Brian','Venus','p','12/04/1995','tincidunt.aliquam@ligula.net','6828 Egestas. St.',0),(75,'Louis','Charles','p','05/26/2010','eleifend.vitae@Aliquam.edu','Ap #576-8762 Erat Ave',0),(76,'Hamilton','Astra','p','09/29/2001','Integer.eu@tristique.ca','P.O. Box 909, 5033 Nibh Street',0),(77,'Gemma','Kaden','p','07/24/2010','lacus.Cras@sapien.org','Ap #764-5585 Sit Ave',0),(78,'Regina','Nero','p','09/11/2000','fringilla@gravidamaurisut.com','4317 Egestas St.',0),(79,'Kyra','Gil','p','02/14/2010','ornare@acsemut.org','8152 Ultrices St.',0),(80,'Alfonso','Martina','p','03/26/2001','diam.dictum.sapien@nuncinterdum.edu','1676 Volutpat Ave',0),(81,'Colby','Gage','p','03/24/2010','auctor.velit@eueratsemper.com','838-9070 Nec Rd.',0),(82,'Mariam','Harding','p','05/13/2012','sem@tempusrisus.co.uk','9277 Dui Rd.',0),(83,'Julie','Arsenio','p','01/30/1993','et@Intincidunt.org','Ap #508-6055 Urna. Rd.',0),(84,'Yuli','Ebony','p','08/08/2009','dictum.augue@metus.co.uk','P.O. Box 613, 2200 Facilisis Rd.',0),(85,'Maxwell','Garrett','p','05/19/1999','rutrum@elitEtiamlaoreet.com','P.O. Box 813, 1252 Nec Av.',0),(86,'Isaiah','Ralph','p','11/12/1996','non.lacinia@acturpis.net','P.O. Box 686, 492 Fringilla Av.',0),(87,'Blaze','Avye','p','12/23/1998','sapien.gravida.non@nisiCum.edu','334-1802 Diam. Road',0),(88,'Margaret','Joy','p','09/20/2006','Maecenas@neque.net','P.O. Box 488, 5569 Arcu Road',0),(89,'Yen','Ulysses','p','10/05/2000','arcu.Vivamus.sit@Praesentinterdumligula.co.uk','Ap #366-6896 Elit. Av.',0),(90,'Orson','Caleb','p','01/27/2003','sem@inaliquet.ca','356-5465 Montes, Ave',0),(91,'Moses','Lionel','p','11/06/1995','eu@felispurus.org','713-245 Nisi. Av.',0),(92,'Tarik','Brynne','p','10/08/2002','at@vitae.edu','8171 Duis Road',0),(93,'Tyrone','Ifeoma','p','03/11/1993','arcu.Curabitur@in.ca','223-7580 Fusce Road',0),(94,'Avye','Yoshi','p','05/16/2000','ullamcorper.viverra@pedenec.com','Ap #449-942 Non, Road',0),(95,'Logan','Barrett','p','01/29/2004','Nunc.commodo@purusMaecenaslibero.com','390-8301 Aliquam Avenue',0),(96,'Hayes','Gage','p','01/27/2001','imperdiet@velquamdignissim.ca','P.O. Box 314, 4897 Cras Ave',0),(97,'Halla','Sylvester','p','10/12/2010','sem@non.com','7027 Sodales Street',0),(98,'Charlotte','Dakota','p','02/12/2003','convallis.ante.lectus@et.co.uk','7392 Duis Avenue',0),(99,'Buffy','Jaden','p','10/29/2005','eget@sapienimperdietornare.co.uk','420-3333 Fringilla St.',0),(100,'Lionel','Marsden','p','05/23/1994','neque.tellus.imperdiet@ascelerisque.org','Ap #433-8985 Auctor. St.',0),(101,'Venky','Hegde','password123','01/01/1991','venky.suh@gmail.com','9548 University Terrace Dr',0),(102,'saipavan','n','12345678','1994-08-10','pavansai.n@gmail.com',NULL,0);
/*!40000 ALTER TABLE `Users` ENABLE KEYS */;
UNLOCK TABLES;
/*!40103 SET TIME_ZONE=@OLD_TIME_ZONE */;

/*!40101 SET SQL_MODE=@OLD_SQL_MODE */;
/*!40014 SET FOREIGN_KEY_CHECKS=@OLD_FOREIGN_KEY_CHECKS */;
/*!40014 SET UNIQUE_CHECKS=@OLD_UNIQUE_CHECKS */;
/*!40101 SET CHARACTER_SET_CLIENT=@OLD_CHARACTER_SET_CLIENT */;
/*!40101 SET CHARACTER_SET_RESULTS=@OLD_CHARACTER_SET_RESULTS */;
/*!40101 SET COLLATION_CONNECTION=@OLD_COLLATION_CONNECTION */;
/*!40111 SET SQL_NOTES=@OLD_SQL_NOTES */;

-- Dump completed on 2018-05-22 13:21:31
